employee_id,is_promoted
13463,0
16160,0
15840,0
28325,1
23651,0
17594,0
64559,0
37040,0
38199,0
52622,0
45211,0
23048,0
50474,0
75493,0
4260,0
54833,1
50481,1
34452,0
71971,0
49038,0
30945,0
47127,0
12850,0
63291,1
38004,0
54036,0
75650,0
76693,1
3172,0
59607,0
40988,0
48927,0
76946,0
10466,1
9060,0
10450,0
10065,0
35004,0
27985,0
63238,0
78030,0
46559,0
1805,1
28197,0
938,1
26605,0
22074,0
45900,0
17530,0
13999,0
75591,0
26668,0
7850,0
11923,0
62317,0
28731,0
44170,0
44454,1
48423,0
38404,0
26860,0
75504,0
32586,0
40469,0
45556,0
69617,0
76277,1
47816,0
24729,0
67852,0
49934,0
42038,0
49535,0
58005,0
10432,1
34637,0
41007,0
69047,0
15986,0
38683,0
50597,0
53407,0
35540,0
54960,0
35883,0
20043,0
7601,0
31744,0
14014,0
40182,0
14959,0
27734,0
77403,0
26758,0
52073,0
62045,0
72116,0
73753,0
19374,1
18078,0
28681,0
61121,1
9931,0
1487,0
62703,0
52299,0
25295,0
74294,0
7442,0
53166,1
26597,0
21169,0
61125,0
22295,0
50097,0
28622,0
66157,0
74821,0
60061,0
12647,0
49828,0
27026,0
12081,1
24542,0
64748,0
712,0
12919,0
44267,0
40668,0
46165,0
27036,0
49854,0
5223,0
31327,0
17397,0
62629,0
34827,0
69291,0
26068,0
35108,0
63308,0
31770,0
46743,0
617,0
47057,0
75426,0
7343,0
68923,1
52273,0
5041,1
1458,0
5335,0
53371,0
33990,0
75585,0
21418,0
30484,0
33755,0
40461,0
3633,0
66154,0
56191,0
35207,0
66110,0
13333,0
68705,1
703,0
8761,0
3771,0
46715,0
23528,0
15189,0
3709,0
11494,0
20207,0
68139,0
72330,0
53479,0
44187,0
2532,0
28426,0
20194,0
495,0
8925,0
58801,0
44512,0
4495,0
47195,0
47839,0
21783,0
69420,1
64942,0
20833,0
7050,0
30520,0
64283,0
32317,0
78071,1
68445,0
24653,1
67389,1
61169,0
61866,0
15792,0
53343,0
51463,0
26614,0
8276,0
22071,0
65891,0
26091,0
20296,0
67591,0
51963,0
26311,0
1504,0
25811,0
45020,0
57496,0
2,0
35890,0
17038,0
21744,0
30695,0
47489,0
60764,0
72349,0
6123,0
17890,0
10715,1
22460,0
48960,0
45645,0
42169,0
29606,0
57003,0
22608,0
47649,0
50585,0
19517,0
34960,1
39765,0
38173,0
55885,0
30960,0
67381,0
71640,0
63793,0
67105,0
3346,0
17604,0
10383,0
78138,0
58818,0
26696,0
65307,1
50248,0
24401,0
15984,0
46763,0
78136,0
21471,0
21901,0
71163,0
30584,0
56108,0
4818,0
37561,0
74426,0
11758,0
26819,0
7892,1
67653,1
42127,0
37415,0
2269,0
78281,0
5363,0
31407,0
1018,0
57544,0
23180,0
17091,1
70581,0
32652,0
71551,0
65117,0
8160,0
47266,0
8986,1
9795,0
9908,0
51894,0
26613,0
61800,0
20347,0
39680,0
77509,0
10186,0
474,0
35059,0
77850,0
55654,0
21381,1
5670,0
54655,0
76300,0
70739,0
72439,0
66751,0
46306,0
5700,0
24120,0
33252,0
11935,0
41822,0
69529,0
56673,0
2068,0
70699,0
1914,0
36956,0
63384,0
2448,0
72026,0
9129,0
69878,0
42555,0
27683,0
31003,0
6688,0
53611,0
40261,0
67958,0
67308,0
5688,0
35521,0
2935,0
72588,0
26395,0
33031,0
63511,0
59772,0
66088,0
5717,0
68241,0
10180,0
25657,0
27527,0
27842,0
27704,0
35062,0
29210,0
30992,0
52810,0
54153,0
54793,0
212,0
36194,0
53865,0
44672,0
48990,0
68955,0
48393,0
8725,0
69302,0
15165,1
32689,0
40462,0
8290,0
63181,0
13526,0
26383,0
8798,0
24988,0
28579,0
75649,0
5333,0
37121,0
3650,0
42059,0
60731,0
4335,0
41544,0
38469,0
58950,0
28149,0
7392,0
46712,0
9622,0
60894,0
3299,0
3268,1
25561,0
27148,0
75596,1
48500,0
46731,0
612,0
20849,0
55622,0
70864,0
16495,0
45435,0
56647,0
3783,0
25520,0
67701,0
65640,0
10620,0
71874,0
8963,0
61447,0
61409,1
43790,0
78060,0
64824,0
30710,0
26366,0
16996,1
11108,1
18723,0
19555,0
17619,0
22324,0
15894,0
53765,0
73687,0
37028,1
19520,0
73577,0
11144,0
58093,1
49369,0
58816,0
78127,0
57447,0
2993,0
53822,0
44543,0
18321,0
51728,0
47701,0
5003,0
8614,0
38053,1
67582,0
39714,0
59502,0
56875,0
58591,0
58221,0
53667,0
25581,0
44269,0
38735,0
36523,0
9702,0
18276,0
7320,0
22426,0
71574,0
21951,0
74756,1
31347,0
44548,0
72955,0
11713,0
52547,0
7710,0
37983,0
47878,0
29453,0
25163,0
34258,0
67027,0
21535,0
3434,0
47874,0
38229,0
20662,0
931,1
27841,0
18374,0
70229,0
12988,1
14040,0
63435,0
8148,0
54249,0
74391,0
3198,0
7586,0
73574,0
64427,0
27444,0
21009,0
19653,0
41715,0
18966,0
16709,0
46897,0
39609,0
27589,0
36963,0
31252,1
14337,1
78272,0
6363,0
71959,0
62934,0
59113,0
5573,0
8118,0
62227,0
76663,0
21177,0
53701,1
69354,0
14189,0
14540,1
33023,0
77614,0
13606,0
46071,1
52621,0
39581,1
25580,1
15271,0
76835,0
30147,0
8671,0
76283,0
39101,0
33584,0
19287,0
7897,0
24111,0
11208,0
75192,0
33130,0
7299,1
53603,0
19423,0
40734,0
18651,0
12350,0
59754,0
62796,0
67850,0
41609,1
44426,0
9003,0
28770,0
10487,0
4988,0
17054,0
29948,0
1625,1
56788,0
43397,1
13696,0
30067,0
12754,0
49508,0
46739,0
50702,0
13136,0
12479,0
77535,0
11455,0
53072,0
40878,1
15535,0
100,0
22545,0
21152,0
1419,0
7391,0
17978,0
53145,0
62571,0
9486,0
14631,0
48260,0
28359,0
15966,0
14425,0
6523,0
3431,0
58736,0
39705,0
67731,0
58099,0
43078,0
66697,0
70023,0
55882,0
25188,0
61457,0
42253,0
49394,0
7664,0
15431,0
76788,0
35374,0
6668,0
20541,0
13835,0
26145,0
14457,0
36403,0
3974,0
31476,0
73663,0
33154,0
24173,0
33900,0
9803,0
34415,0
55933,0
15904,0
56867,0
8317,0
18711,0
56931,0
3287,0
73093,0
25167,0
31633,1
25710,0
31554,1
10422,0
76122,1
52705,0
67072,0
30212,0
33735,0
26402,1
27897,1
13967,0
57214,0
56642,0
25983,0
68622,0
43508,0
55038,0
43796,0
66222,0
71358,0
35838,0
20314,0
71529,0
69716,0
77268,0
67634,0
18946,0
77715,0
76071,0
32258,0
10525,0
35396,0
46618,0
67287,0
598,0
44251,0
42815,0
30341,0
40796,0
32215,0
31693,0
65391,0
12482,0
37029,1
39790,0
13528,0
8815,0
44277,0
47069,1
8831,0
53670,0
32472,0
28378,0
29951,0
66248,0
64212,0
75085,0
48926,0
52821,0
62947,0
62222,0
50110,0
32421,0
25916,0
8076,0
11559,0
3519,0
30512,0
17962,0
20971,0
39884,0
20376,0
76018,0
59966,0
43758,0
40568,0
21210,0
24162,0
49262,0
9877,0
54944,0
48829,0
43934,0
6262,0
12191,0
40366,0
1465,0
40618,0
51806,0
25140,1
22872,1
5246,0
41373,0
42636,0
9488,0
49651,0
73437,0
68507,0
56692,0
51548,0
39191,0
12742,0
25445,0
57945,0
75509,0
70765,0
13190,0
4363,0
3603,0
75612,0
55407,1
52243,0
6125,0
41687,0
11767,1
28685,0
42721,0
36043,0
13337,1
36998,1
63625,0
7454,0
64675,0
3007,0
71418,1
8413,0
13636,0
29029,0
48549,0
40440,0
5805,0
76762,0
53078,0
60144,0
54633,0
39896,0
62125,0
66291,1
64778,0
31000,0
64377,0
56237,0
47651,0
1404,0
73740,0
28221,0
40137,0
24246,0
44376,0
50935,0
7738,0
59896,0
30564,0
49037,0
65500,0
66906,0
2261,0
72902,0
19519,0
34435,0
46891,0
24041,0
14181,1
44226,0
64536,0
73190,0
47490,0
30917,0
55911,0
6502,0
70803,0
65036,0
26346,0
26271,0
70520,1
6750,0
28321,0
14326,0
46063,0
5451,0
45539,0
31953,0
39137,0
42380,0
3165,0
61983,0
16631,0
42319,0
7179,0
61405,0
41680,0
77147,0
68993,0
39418,0
66552,0
68927,1
57180,0
67678,0
54013,0
53372,0
8412,0
30728,0
13490,0
16433,0
15609,0
10735,1
67667,0
43402,0
31666,0
20732,0
35182,0
19957,0
68155,0
8476,0
69167,0
52078,0
27389,1
76040,0
26707,0
70149,1
25466,0
53019,0
41510,0
40243,1
56029,0
953,1
2348,0
32566,0
6386,0
49401,0
66564,0
63098,0
19165,1
57516,0
38402,0
15599,0
56466,0
55893,0
70457,0
28470,0
68293,0
70268,0
70336,0
11076,0
61921,0
46567,0
75299,1
59063,0
70933,1
68117,1
20133,0
5454,0
64500,0
49672,0
13947,1
65523,0
29513,0
6941,0
68276,0
63343,0
78084,0
14762,0
61894,0
1857,0
75759,0
51025,0
5819,0
35475,0
60045,0
69780,0
20743,0
652,0
35903,0
18756,0
29533,0
31296,0
20052,0
9599,0
68365,0
43044,0
40175,0
4482,1
56435,1
23003,0
20144,0
55877,0
42713,0
1782,0
62626,0
16647,0
70791,0
47441,0
29698,0
46188,0
48733,0
30408,0
55156,0
57724,0
57653,0
6322,1
9001,0
8388,0
10622,1
35694,0
13794,0
56861,0
6672,0
51793,0
31734,0
43310,0
35985,0
69598,0
76068,0
50617,0
58212,0
75595,0
8318,0
42185,0
5924,0
47116,0
43836,0
77862,0
54526,0
59412,1
1291,0
76820,0
16143,0
32463,0
37466,1
47085,0
18854,0
25338,0
9691,1
75481,0
71270,0
5172,0
57445,0
67796,0
29481,0
12414,0
49526,0
28706,0
57294,0
43624,1
43894,0
24285,0
9014,1
56143,1
72719,0
57055,0
39136,0
44246,0
10271,0
37343,0
25363,0
71869,0
15064,0
76094,0
39447,0
72699,0
38929,0
67624,0
3956,1
17498,0
65035,0
76834,0
56843,0
16002,0
72817,0
21855,0
2006,0
35465,0
65827,1
49827,0
49578,0
47774,0
31771,0
53481,0
20524,0
42935,0
41704,0
13798,0
55298,0
76225,0
58016,0
42774,0
30009,0
30803,0
28645,0
53350,0
24842,0
34352,0
34497,0
1595,0
13320,0
68245,0
75532,0
33985,0
39295,1
21877,0
48126,0
76885,0
698,1
47547,0
25901,0
77285,0
57954,0
62837,0
11479,0
72786,0
75556,0
69796,0
60387,1
64446,0
7216,0
64640,0
61334,0
62371,0
75290,0
28965,0
8285,0
42729,0
7648,0
1591,0
31456,0
48501,0
3028,1
7147,0
46180,0
19686,0
49607,0
17006,0
15114,0
29841,0
64102,0
5954,0
26749,0
1195,0
27972,1
11630,1
54964,1
70689,0
23430,0
55978,1
37347,0
36779,0
71788,0
76239,0
24092,0
76433,0
53501,0
3674,1
15011,0
15978,0
69020,0
7130,0
23669,0
10335,1
7495,0
56834,0
23250,0
6592,0
33704,0
41761,0
34527,0
75084,1
74985,1
71624,0
12203,0
32078,0
38621,0
42868,0
57691,0
52841,0
48830,0
33709,0
917,0
30301,1
7031,1
17024,0
48166,0
23739,0
37929,0
5656,1
24114,0
28224,0
12866,0
46796,0
58087,0
16184,0
16595,0
2205,1
3935,0
23597,0
13751,0
19778,0
69912,0
16880,0
36337,0
49577,0
36926,0
22116,0
23574,0
49315,0
51468,0
1680,0
48887,0
20528,0
44853,0
34525,0
37348,0
35135,0
76373,0
51520,0
36795,0
19145,1
7907,0
42865,0
76646,0
59613,0
71024,0
25852,0
52160,0
11077,0
47889,0
3915,0
43943,0
50902,0
54256,0
51725,0
2898,0
36862,0
6384,0
23632,0
36118,0
18508,0
30322,0
36319,0
63278,0
41771,0
52294,0
66216,0
39408,0
22209,0
14621,0
37779,0
27723,0
18181,0
37355,0
66673,0
14820,0
59439,0
63310,0
77900,0
357,0
2294,0
41492,0
4523,0
18456,0
67529,0
14757,0
77383,1
16962,1
11553,0
11179,0
53784,0
40594,0
15349,0
17003,0
76143,0
45673,0
12114,0
71466,0
7509,0
15277,0
40924,1
21836,0
31360,0
41515,0
46354,0
75148,1
52179,0
75720,0
60027,0
44467,0
46374,0
52169,0
71126,0
48459,0
45920,0
72767,0
7919,0
48107,0
69569,0
49931,0
62901,0
23509,0
21782,0
29440,0
76639,0
56516,0
67704,0
17262,0
59106,1
55144,0
2161,0
37580,0
32243,0
72670,0
63290,0
11262,0
40161,0
68627,0
63900,0
74335,0
67447,0
36467,0
22173,0
4167,0
72796,0
4048,0
51778,0
48200,0
56791,0
53835,0
8370,0
44069,1
70145,0
78094,0
3884,0
4440,1
22991,0
54925,0
38899,0
51960,0
15402,1
74048,0
16708,0
73705,0
39591,0
66915,0
76079,0
53809,1
2714,0
49118,0
27779,0
45530,0
18745,1
19579,0
14420,0
68590,0
70193,0
56677,0
76237,0
52540,0
71767,0
30310,0
9504,0
49516,0
23639,0
25645,0
37350,0
10727,0
38329,0
61634,0
17855,0
62944,0
57595,0
63827,0
26229,1
31530,0
31599,0
68314,0
63323,0
34404,0
56061,0
12260,0
48706,0
74692,0
62793,0
76356,0
47121,1
44747,0
62744,1
20091,0
47010,0
27696,0
55221,0
34103,0
44534,0
49804,0
43142,1
16001,0
70990,0
16041,0
25027,0
17257,0
70043,0
32957,0
24014,0
57388,0
21240,1
52906,0
1565,0
38750,0
11973,0
61632,0
6470,0
40981,0
53326,0
10975,1
28512,0
52601,0
44695,0
28175,0
77019,0
64007,0
39227,0
26497,0
22673,0
43162,1
22981,0
67165,0
23196,0
15343,0
43701,0
47984,0
58434,0
56079,0
49228,0
58685,0
3473,0
55572,0
15096,0
20784,0
46411,0
5741,0
1686,0
36450,0
44350,0
1808,0
38793,1
32968,0
71633,0
49641,0
72889,0
76428,0
22280,0
21330,0
13447,0
6203,0
2707,0
72971,1
54770,0
12802,1
804,0
69547,0
61799,0
70887,0
54045,1
53173,0
38726,0
35699,0
72,0
73236,0
69288,1
43182,0
52767,0
67489,0
19166,0
65596,0
34133,0
13984,0
16502,1
24184,0
16194,0
53226,0
63228,0
37564,0
13174,0
17609,0
20941,0
49199,0
14286,1
53084,0
18646,0
22048,0
53315,0
70339,0
71367,0
39371,0
56546,0
38975,0
30953,0
15891,0
66142,0
52751,0
19265,0
6471,0
42845,0
45132,0
71320,0
618,0
16443,0
17712,0
22518,0
62536,0
48664,0
62411,0
39939,0
18498,0
36856,0
62649,0
29869,0
638,0
15159,0
32104,0
22507,0
13514,0
68732,1
61670,0
52102,0
30724,1
54740,0
25024,0
57882,0
14803,0
12298,0
75896,0
24940,0
45503,0
64387,0
14180,0
39069,0
58193,0
8020,0
76939,0
59873,0
70216,0
74924,0
65147,0
26556,1
23329,1
54073,0
31611,0
24473,0
32049,0
57279,0
30340,0
71391,0
63008,0
26844,0
27969,0
19698,0
49481,0
75757,0
5918,0
74184,0
35820,1
70888,0
46531,0
59058,0
57900,0
74949,0
2476,0
31985,0
12181,0
16231,0
8691,0
64141,0
30543,0
20363,0
17456,0
28354,0
8821,1
1779,0
37255,0
14950,0
12824,0
29336,0
67553,0
34265,0
5789,0
26803,0
28143,0
44397,1
62106,0
64355,0
3671,0
61182,0
24425,0
39728,0
72009,0
49760,0
21916,0
35767,0
3970,0
50109,0
40958,0
72835,0
36435,0
9198,0
63972,0
30245,0
42818,0
41674,0
11082,0
52267,0
57765,0
32576,0
44623,0
48392,0
38483,0
70717,0
20444,0
69349,0
50731,0
54385,0
9895,0
74673,0
56650,0
71531,0
47025,0
12254,0
5017,0
43953,0
64633,0
45758,0
40946,0
70222,0
11168,0
50321,0
2930,0
71080,0
13655,0
76704,0
29734,0
68455,0
75386,0
24822,0
67727,0
39542,0
10089,0
33859,0
27743,1
4160,0
25141,0
73250,0
1184,0
3842,0
42283,0
11173,0
62053,0
36954,0
72762,0
11976,0
6376,0
18429,0
47414,0
59657,0
1624,1
25825,0
37501,0
14342,0
53813,0
74875,0
75708,1
76717,0
65447,0
24100,0
29642,0
54622,0
57750,0
12800,0
43152,0
26371,0
3998,0
8775,0
69473,0
62493,0
18397,0
59301,0
49317,0
4042,0
6631,0
38746,0
6009,0
43076,0
3831,0
37268,0
41668,0
27584,0
3480,0
15174,0
50164,0
3676,0
63441,0
27629,0
34993,0
20640,0
55224,0
53080,0
59378,1
77579,0
13587,0
38966,0
43449,0
3911,0
45778,0
4428,0
59847,0
27514,0
25365,0
44733,0
40429,0
66671,0
32844,0
75415,0
20329,0
64234,1
27983,0
77125,1
75366,0
2070,0
31056,0
16854,0
59782,0
38658,0
71327,0
56509,0
29241,0
33114,1
2623,0
38528,1
35889,0
21739,0
20421,0
13723,0
20774,1
72379,0
34759,1
5148,0
48583,0
19518,0
55800,0
38349,0
37199,0
64921,0
63884,0
45937,0
62007,1
14846,0
12817,0
35950,0
30148,1
66482,0
12257,0
3632,0
31946,0
72790,0
26516,0
15251,0
4833,0
57953,0
18416,0
21137,0
65025,0
41935,1
13427,0
9310,0
5032,0
29459,0
7606,0
60609,0
65847,0
9847,0
13625,0
36343,0
21253,0
31155,0
6265,1
72623,0
7684,0
25540,0
73704,0
8979,0
26972,0
2225,0
35920,0
67764,0
60799,0
34884,1
33870,1
39629,0
76411,0
16425,0
15523,0
14009,0
34287,0
66406,0
5353,0
19266,0
73331,0
23573,0
27030,0
35010,0
49545,0
39739,0
62636,0
61327,0
69380,0
23784,0
62781,0
69837,0
76961,0
57061,1
935,1
891,0
35178,0
73698,0
7877,0
38779,1
20020,0
12853,0
56596,0
61280,0
32721,0
5616,0
64400,1
6195,1
69032,0
57771,0
47097,0
76434,0
34850,0
20804,0
44497,0
30000,0
23691,0
49694,0
74432,0
54203,0
36636,0
41346,0
69592,0
50531,0
13413,0
2870,0
41004,0
48999,0
40873,0
21188,0
30619,0
72587,0
35983,0
10039,0
42776,0
73169,0
1991,1
9445,0
57436,0
62818,0
42057,0
21588,0
62875,0
24991,0
32081,1
34618,0
38462,0
62364,0
15457,1
24442,0
37167,0
70197,1
39611,0
49630,0
42496,0
52208,0
75933,0
53613,1
67700,0
1047,0
26726,0
22177,0
70244,0
34418,0
35454,1
51805,0
30071,0
38874,0
68801,0
13064,0
5550,0
810,0
67652,0
23169,0
57366,0
50008,0
58361,1
56570,0
62069,1
38873,0
41433,0
57071,0
58152,0
41423,1
36342,0
45175,0
67014,0
42577,0
24971,1
76468,0
5769,0
55316,0
60070,0
76472,0
2187,0
21499,0
4378,0
69706,0
70201,0
62512,0
14756,0
303,0
72329,0
68217,0
50324,0
10387,0
75305,0
37376,0
22470,0
12151,1
27071,0
78070,0
23498,0
39524,0
28955,0
5066,0
76093,0
4283,0
2334,0
13293,0
50504,0
42078,0
11963,0
56820,0
52223,0
20239,0
59935,1
55544,0
63920,0
67471,0
1101,0
46742,0
32845,0
67303,0
7716,0
44323,0
29308,0
17837,0
36058,0
57588,1
66872,0
69075,1
62495,0
22984,0
9563,1
25091,0
11613,0
40360,1
69916,0
455,1
22998,0
16407,1
76182,0
25187,0
27378,0
50775,0
25293,0
24849,0
20321,0
76844,0
35368,0
5147,0
12823,0
63830,0
959,0
10279,0
18384,0
7248,0
29899,0
46529,0
66939,0
10397,0
38064,1
32475,0
76200,0
77274,0
67466,0
70513,0
22326,0
26241,0
25341,0
54518,0
39378,0
56316,0
27685,0
69628,0
69527,0
68849,0
22336,0
70112,0
10779,0
39964,0
59235,0
27771,0
54475,0
41818,0
56140,0
34302,0
14648,0
57429,0
1012,0
12247,0
32691,0
69737,0
36651,0
8014,0
46879,0
59877,1
68532,0
46489,0
17223,0
30209,0
14266,0
37356,0
70492,0
2775,0
73008,0
57356,0
27618,0
72414,0
49234,1
73633,0
54111,0
15006,0
844,1
67378,0
5857,0
33029,0
43622,0
24495,0
15401,0
27716,0
43396,0
44932,0
64454,0
80,0
76926,0
8694,0
53965,0
34608,0
11284,1
64851,0
39443,0
17605,0
6266,0
3852,0
68064,0
162,0
59523,0
49064,0
31273,1
59743,0
2618,0
65020,0
10980,0
10909,0
19745,0
49837,1
10367,0
54524,0
38676,0
13241,0
64514,0
12735,0
70464,0
36642,0
76325,0
40295,0
31469,0
10706,1
19345,0
49410,0
59723,0
37453,0
9065,0
53022,0
35768,0
17226,0
30299,0
61347,0
51564,0
70204,0
13264,0
36527,1
59482,0
143,0
38885,0
25056,0
37411,0
26956,0
5701,0
46865,0
66814,0
71522,0
6024,0
17860,0
73431,0
54064,0
12550,0
58148,0
70974,0
65023,0
56352,0
76560,1
41217,0
41607,0
58052,0
76290,0
19416,0
62997,0
59976,0
69422,0
9301,0
40168,0
25830,1
28246,0
18324,1
53993,0
25851,0
46179,0
66304,1
5501,0
32672,0
64949,0
35523,0
30631,0
22149,0
35692,0
68127,0
8272,0
16506,0
78179,0
35524,0
57997,0
20506,0
11490,0
29373,0
15958,0
51973,0
9521,0
41474,1
34429,0
55833,1
35552,0
27631,0
22442,0
26897,0
48006,0
64788,0
38647,0
6531,0
75765,0
37468,0
60127,0
22802,0
62132,0
74103,0
57606,0
12900,0
64492,1
61811,0
49957,0
45811,0
5482,0
69359,0
27127,0
57417,0
40128,0
25318,0
26577,1
63209,0
6960,0
20672,0
70073,0
58788,0
8638,0
25748,0
20584,0
3386,0
40952,0
51558,0
11068,0
6098,0
68926,0
66967,0
54075,0
48811,0
5581,0
46298,0
32459,0
53122,0
33518,0
1811,0
41055,0
61559,0
6344,0
16090,0
60259,0
10545,0
2436,0
4613,0
7878,0
64897,0
14128,0
77689,0
37102,0
32334,0
11264,0
14318,0
58078,0
68286,0
45008,0
3779,0
1392,0
1898,0
75376,0
44248,1
53235,0
44626,0
28521,0
59846,0
47911,0
19373,0
9825,1
22750,0
5818,0
8785,0
40422,0
35687,0
52025,0
36241,0
44912,0
62335,0
15344,0
22344,0
73959,0
8467,0
43952,1
34400,1
20409,1
22513,0
41816,1
27400,0
78291,0
69025,0
71803,0
76227,0
46225,0
18412,0
10207,1
49266,0
17969,0
43073,0
10113,0
663,1
50431,0
607,0
64524,0
2928,0
63623,0
26034,0
45464,1
64195,0
53323,0
44325,0
58074,0
32171,0
59121,0
44619,0
2090,0
17535,0
24431,0
58554,0
19593,0
55412,0
76496,0
8582,0
33660,0
24964,0
4686,0
50978,0
40121,0
46337,0
46753,0
57376,0
42894,0
32222,1
37588,0
4578,0
16528,0
59120,0
75605,0
77455,0
64865,0
21585,0
22940,0
73510,0
6773,0
53360,0
33285,0
6338,0
55075,0
67036,0
51101,0
31292,0
10385,0
3885,0
14684,0
717,0
38641,0
50529,0
21277,0
49996,0
8947,0
70679,0
68004,1
70822,0
35580,0
74495,0
35588,0
20401,0
44449,0
12698,0
70667,0
67376,0
74703,0
56983,0
66177,0
41048,0
74029,0
28095,0
51139,0
51124,0
54867,1
35306,0
21493,0
61810,0
40983,0
1654,0
60963,0
50862,0
6720,0
68086,0
40729,0
48838,0
42375,0
60351,1
23386,0
44236,0
15713,0
17513,0
33050,0
49099,0
65251,0
50252,1
39472,0
41969,0
47550,0
14748,0
72852,0
48753,0
66505,0
8845,0
66160,0
21693,0
78267,0
62112,0
17971,0
76324,0
19786,0
30970,1
16698,1
8538,0
26919,0
39202,0
70394,0
60872,0
68499,1
50620,0
73341,0
7512,0
48324,0
69164,1
46119,1
61541,0
7870,0
2290,1
64771,0
44008,0
11511,0
48263,1
17960,0
66522,0
8288,0
75012,1
30559,0
3462,0
52114,0
26337,0
23233,0
17137,1
71800,0
41772,1
71923,0
59477,0
30501,1
39602,0
52040,1
37581,0
62458,0
56100,0
36206,0
2260,0
72712,0
70227,0
23270,0
64453,1
73308,0
57644,0
76694,0
13641,0
36283,0
46953,0
52274,0
73123,0
40309,0
10471,0
73277,0
73599,0
17056,0
58968,0
45771,0
7991,0
41327,1
38984,0
5168,0
49349,0
71754,0
51875,0
3625,0
69548,0
5350,0
20582,0
66153,0
61660,1
20660,0
12480,0
7639,0
26120,0
42404,0
33307,0
30646,0
119,0
7604,0
1425,0
16223,1
67415,0
8492,1
75455,0
47888,0
31141,0
15886,1
27111,0
32656,0
52322,0
17739,0
63304,1
51259,0
59070,0
23856,0
62102,0
38197,1
5568,0
6993,0
11048,0
50012,0
26490,0
37131,0
38630,0
10042,0
34679,0
53829,0
37914,0
14596,0
9272,0
12328,0
19675,0
44924,0
34038,1
54227,0
26162,0
56305,0
687,0
28560,1
1467,0
13760,0
26130,0
31288,0
39358,0
2815,0
2464,0
18898,0
59414,0
37126,1
77576,0
76262,0
49171,0
15066,1
43748,0
31607,1
54733,0
71840,0
36685,1
29187,0
13445,0
35307,0
27870,0
13050,0
36149,0
23023,0
22050,0
7971,0
15950,0
51571,0
44137,0
17642,0
63456,0
50105,0
26817,0
52743,0
45204,0
639,1
20639,0
70634,1
17305,0
9411,0
35721,0
31082,0
16392,0
27011,0
20628,0
25148,0
69680,0
59279,0
34129,0
66695,0
41259,0
30725,0
27442,0
31858,0
21578,0
6763,0
34514,0
51526,0
55960,0
57260,0
45252,0
47294,0
14238,0
75671,1
59958,0
72333,0
75723,0
15024,1
39558,0
16899,0
406,1
64367,0
72014,0
57495,0
33611,1
35762,0
37392,0
16147,0
59206,0
30432,1
51522,0
27047,0
46412,0
78297,0
1723,1
73429,0
15290,0
22987,0
66421,0
46280,0
10861,0
3325,0
72491,0
11669,0
72474,1
32031,0
55201,0
15525,0
48802,0
31505,0
21181,0
45628,0
32940,0
60837,0
44883,0
59581,0
44468,0
32663,0
40895,0
11186,0
8024,0
70872,0
62637,0
36546,0
49648,0
30383,1
10064,0
60678,0
5910,0
52256,0
9456,0
72543,0
768,0
44455,0
45788,1
65858,0
33221,0
67876,0
62858,0
24909,0
32713,0
54355,0
69957,0
64835,0
73829,0
8339,0
61105,0
62728,0
38444,0
14822,0
1129,0
39363,0
42746,0
44602,0
59889,0
68319,0
41478,0
70670,0
60635,0
26845,0
4518,0
74057,0
34898,0
65448,0
36839,0
13212,0
43496,0
74060,1
17820,0
62676,0
15991,0
72356,0
7933,0
49531,0
33240,0
6285,0
5262,0
18770,0
9732,0
56802,0
5040,0
67262,0
32908,0
67019,0
5215,1
21780,0
9292,0
44132,0
63281,0
59860,0
37636,0
77064,0
7824,0
56887,0
58908,0
37758,0
51451,0
33014,0
37212,0
26242,0
75459,0
40127,0
66359,1
63172,0
44997,0
8267,0
67010,1
55880,0
56807,0
9105,0
46855,0
76621,0
26251,0
50268,0
76444,0
77545,0
40277,0
74041,0
35560,0
38720,0
76568,0
49914,1
3131,0
42269,1
10079,0
27671,0
18491,0
19924,0
75717,0
70610,0
36071,0
25455,1
32316,0
48048,0
42582,0
40324,0
13309,0
33528,0
890,0
74994,0
63807,0
61207,0
28879,0
56054,1
22648,0
73380,0
34540,0
20037,0
34495,0
44238,0
64735,0
55585,0
13759,0
38032,0
62466,0
3036,0
77033,0
44742,0
1323,0
2246,0
54347,0
11021,0
56279,0
35485,0
9265,0
51967,0
8807,0
63850,0
18611,0
77127,0
42197,0
37705,0
37129,0
60374,0
55524,0
44714,1
53140,1
54030,0
48479,0
77827,0
31799,0
33270,0
64148,0
46215,0
14804,0
44717,0
31113,0
78191,0
14630,0
38729,1
10978,0
48422,0
40722,0
37176,0
77323,0
45094,0
48697,1
13141,0
74981,0
68560,0
48104,0
39511,0
9891,0
912,0
35442,0
39554,0
20945,0
51166,0
27119,0
31522,0
41983,0
77281,0
32934,0
60923,0
23065,0
2991,0
24642,0
70174,1
24883,0
18945,0
48220,1
17606,0
78114,0
7373,0
12542,1
3289,0
12290,0
69481,0
16065,0
47061,0
22672,0
66681,0
10045,1
65061,0
45027,0
39828,0
17177,0
38856,0
40617,0
17975,0
52056,0
65886,0
6302,1
51037,0
33448,0
67849,0
76365,0
73569,0
4577,0
51590,0
75241,0
71331,0
70529,0
46285,0
65422,0
24096,0
52978,0
30202,0
23616,0
45951,0
69674,1
693,0
67368,0
43911,0
48364,0
44776,0
3656,1
21363,0
33401,0
9724,0
39798,0
33015,0
67613,0
15264,0
15914,0
53703,0
62047,0
59135,0
28584,0
64603,0
66138,0
35257,0
77361,0
38082,0
72732,0
18541,0
37872,0
50533,0
51838,0
23346,0
64695,0
11608,1
62298,0
38069,0
29270,0
26886,0
69021,0
4641,0
46224,0
53006,0
41956,0
45081,0
68244,0
53742,0
32589,0
43295,0
28237,0
60052,0
5613,0
61674,0
73934,1
25442,0
36714,0
39077,0
42680,0
49184,0
43826,0
28364,0
61289,0
70609,0
6582,0
68851,0
69927,0
36427,1
44418,0
57204,0
31952,0
76149,0
42714,0
1875,0
35803,0
59269,1
34660,0
48395,0
4786,0
5898,1
60457,0
68593,1
67806,0
21754,0
55961,0
4218,0
21192,0
70448,0
51281,0
17780,0
18737,0
46573,0
48093,0
60666,0
60838,1
45158,0
30778,0
15350,1
53985,1
74956,0
42629,0
58776,0
42119,0
69554,0
16303,0
56605,0
64712,0
62824,0
68920,0
5514,0
15462,1
45370,0
7452,0
69688,0
73834,1
63799,0
21847,0
7900,0
14932,0
10686,0
29963,0
61947,0
7640,0
32564,0
71871,0
41973,0
34211,0
24054,0
42519,0
49370,1
6353,0
20151,1
66662,0
53933,0
58621,0
33938,0
6253,0
19456,0
17189,0
29749,1
6260,0
6874,0
62191,1
10349,1
64363,0
34114,0
10854,1
55093,0
52780,0
32399,0
72488,0
41208,0
75670,0
51536,0
59941,0
21701,1
22308,0
72917,0
61713,0
48593,0
46729,0
76310,0
44254,0
56567,0
72372,0
65613,0
6634,0
41499,0
33777,0
23404,0
35438,0
41113,0
72250,0
44486,0
20609,0
55841,0
33377,0
32012,0
41045,0
56343,0
56415,0
56009,0
71044,0
29062,0
24238,0
53649,0
8708,0
7403,0
53486,1
75936,0
47151,1
14674,0
76003,0
69000,0
9551,0
40637,0
34557,0
56482,0
18243,0
43110,0
25123,1
10031,0
60515,0
41815,1
34967,0
42101,0
56841,0
58914,0
19966,0
71046,1
55107,0
75930,0
61664,0
35989,0
33837,0
3113,0
37792,0
125,0
32797,0
18082,0
48188,0
5851,0
2233,0
15648,0
13554,1
62594,0
14122,0
5432,0
14113,0
40069,0
22890,0
18183,0
74071,0
53785,0
47178,0
52673,0
58929,0
15267,0
17215,0
4676,0
53630,1
33953,0
48974,0
49179,0
6154,0
23586,0
31384,0
1466,0
43805,0
51853,0
75125,0
30072,1
58369,0
66081,0
29074,0
61171,0
37727,0
34694,1
54105,0
75189,0
69926,0
11637,1
21752,0
14402,0
59898,0
35867,0
35911,0
28496,0
5161,0
68308,0
27144,0
69888,0
62515,0
71966,0
8646,0
73151,0
36281,0
11134,0
35529,0
72446,0
38415,0
73470,0
55795,0
23861,0
4058,0
3641,0
72941,0
22342,0
19516,0
33197,0
31200,1
63408,0
37151,0
3528,0
19385,0
6843,0
53581,0
27921,0
15056,0
42153,0
23163,1
30268,0
24380,0
11924,0
19351,1
32415,0
50350,0
11500,0
34755,1
22966,1
30688,0
74493,0
63144,0
52756,0
21787,1
63025,1
52064,0
9055,0
64526,0
10027,1
19248,0
21393,0
7231,0
71074,0
2615,0
73937,0
9142,0
38926,0
59753,0
43938,0
19626,0
13100,1
11245,0
31583,0
46415,0
37821,0
1284,0
13115,1
50684,0
4504,0
18160,0
10994,0
60564,0
60256,0
540,0
58130,0
64098,0
57651,0
48708,0
21854,0
46204,0
11929,0
55840,0
67569,0
6295,0
41015,1
50676,0
8043,0
35684,0
61332,0
13313,0
19733,0
11798,1
57255,0
29667,0
43954,0
20442,0
54000,0
75384,0
17300,0
15964,0
30682,0
10984,0
20485,0
51505,0
59137,0
65870,0
4219,0
45844,1
61199,0
65244,1
44209,0
68469,0
70195,0
64192,0
70125,0
41961,0
69455,1
14187,0
66239,0
6089,0
51091,0
26694,0
39921,0
40801,0
8884,0
70378,0
4337,1
46575,0
47613,0
69945,0
10601,0
61173,1
20910,0
54667,0
50832,0
42248,0
66873,0
36932,0
53405,1
56837,0
18571,0
39174,0
17986,0
10647,1
6016,0
39995,0
70431,0
69055,0
27307,0
61821,0
16058,0
28309,0
46999,0
23298,0
52610,0
67904,0
26631,0
54624,0
30107,0
24046,0
38969,0
5080,0
312,1
57909,0
76988,0
75272,0
57431,0
67377,0
24535,0
1558,1
38922,0
63695,0
11324,0
12066,0
73514,0
66430,0
43053,0
50263,0
38153,0
43144,0
52651,0
39075,0
65220,0
51770,0
8591,0
63315,1
76226,0
6346,0
34593,0
7175,0
33278,0
69968,0
38481,0
6739,0
64816,0
60060,0
34459,1
19958,0
63158,1
45312,1
77665,0
66846,0
63336,0
14230,0
14662,0
39584,0
57365,0
17400,0
44769,0
45128,0
47569,0
26686,0
68823,0
41926,0
999,0
31805,0
14713,0
34671,0
23006,0
25078,0
19097,0
49330,0
18736,0
3285,0
67000,0
12481,0
37837,0
40401,0
64003,0
69553,0
12436,0
20728,0
10165,0
10618,0
54309,0
72590,0
34192,0
69267,0
45902,1
46250,0
12767,0
74308,0
51478,0
31598,0
55892,0
65425,1
62990,0
45566,0
7814,0
73373,1
56674,1
3517,0
73786,0
35020,0
73144,0
37692,0
48361,0
11329,0
19529,0
25080,0
43547,0
62508,0
27431,1
47308,0
38176,0
36822,0
66478,0
51911,0
63808,0
12796,0
33068,0
28514,0
64836,0
1596,0
20229,0
47066,1
23912,0
47655,1
67259,0
70580,0
10963,1
61680,0
33132,0
66011,0
31186,0
48130,0
39522,0
32951,0
62800,0
55989,0
3141,1
48253,0
56638,0
63690,0
76535,0
45904,0
42736,0
77079,1
8848,0
3894,0
44607,0
21794,0
52938,0
3500,0
69532,0
34908,0
60977,1
33143,0
6814,0
3736,0
58354,0
61257,0
34823,0
2367,0
62304,1
35809,0
64451,0
32196,1
68395,0
13521,0
14707,0
21220,0
59396,1
31868,0
25028,0
57692,0
78133,1
37270,0
8587,0
24464,0
73235,0
24362,0
78050,0
15353,0
19818,0
11866,0
1955,0
14167,0
42775,0
13294,0
69964,1
21743,0
55587,1
73918,0
36509,0
33244,0
13470,0
9883,1
77009,0
30901,0
34410,0
77047,0
36102,0
76103,1
8422,0
41862,0
10382,0
61472,0
27780,0
33396,0
60201,0
77729,0
73101,0
10208,0
71786,0
2037,0
18209,1
58996,1
46596,0
47533,0
33243,0
71663,0
76407,0
46086,0
23459,0
42983,0
39004,0
39053,0
43188,0
60485,0
77272,1
6094,0
54311,0
5704,0
62600,0
17987,0
58326,0
36761,0
66247,1
6186,0
18304,0
71701,1
22163,0
20818,0
32836,0
35297,0
33751,0
71852,0
10576,1
18545,0
25253,0
28563,0
35534,0
41868,0
20815,0
10774,0
36056,0
12230,0
33411,0
3928,0
46107,0
47221,0
56849,0
77719,0
7165,0
18246,0
38919,0
38991,0
51339,0
3746,0
67855,1
40932,0
74423,0
40008,0
22286,0
10942,0
33389,1
8706,0
28533,0
40436,0
19021,0
22266,0
44794,1
20170,0
69632,0
25083,0
30794,0
6303,1
9460,0
77974,0
39321,0
25544,0
64407,0
20844,0
58903,0
37244,0
3106,0
67355,0
28485,1
65810,0
62765,0
16606,0
26522,0
19459,0
74469,0
66761,0
47535,1
5658,0
6826,0
9508,1
30998,0
19083,0
45042,0
62082,0
23482,0
63925,0
76179,0
10477,0
27721,0
21450,0
6861,0
7380,0
66829,0
36080,0
33007,0
24249,0
19225,0
24035,1
43881,0
46791,0
62196,0
54870,0
5630,1
52108,0
10023,1
62646,1
4907,0
34503,0
12338,0
12300,0
14004,0
41017,0
77245,0
67981,0
27977,0
64980,0
28482,0
24657,0
23548,0
46244,0
6716,0
43118,0
14209,0
69908,0
62209,0
76409,1
72360,1
27279,0
10870,0
23783,0
33562,0
77787,0
60631,0
12874,0
44556,1
70704,0
72220,0
14553,1
25405,0
3751,0
43665,0
75866,0
35060,0
74091,0
36787,0
16282,0
77864,0
26115,0
994,1
15265,0
72374,0
37110,0
69722,0
72750,0
11722,0
9008,0
29651,0
42456,0
54547,0
60244,0
63426,0
49253,0
72608,0
50352,0
43213,0
48809,0
17822,0
52297,0
26559,0
43095,0
38512,0
29701,0
42862,0
43298,0
77474,0
7337,0
1411,0
43002,1
63333,0
36548,0
31268,0
43717,0
36804,0
53693,0
20117,0
70459,0
13073,0
42563,0
62062,0
40405,0
68704,0
67754,0
1053,0
26664,0
49117,0
58169,0
69372,0
51352,0
44208,0
23678,0
32743,0
50212,0
65723,1
47409,0
22170,0
45492,0
76984,0
28764,0
5765,0
58970,0
68950,0
33407,0
14177,0
14666,0
45879,1
10410,0
62018,0
6676,1
36763,0
41311,1
63640,0
18774,0
20877,1
16884,0
22261,0
67007,0
11002,0
67171,0
13231,0
54715,0
60479,1
52563,0
52570,0
39796,0
73462,0
4796,0
29852,0
26532,0
54757,0
54877,0
42296,0
36469,0
13881,0
53473,0
31588,0
7262,0
31142,0
45521,0
25683,0
47924,0
11151,0
50249,0
77183,0
54267,0
28292,0
47026,0
15744,0
51744,0
20904,0
694,0
37078,0
4685,0
28526,0
38737,0
15847,0
32986,0
36077,0
43757,0
53129,0
43530,0
14522,0
13735,0
2042,0
24192,0
50121,0
39953,0
23016,0
8484,0
46091,0
10256,0
33297,0
46975,0
72354,0
75575,0
25719,1
64271,0
52235,0
13716,0
73333,0
28710,0
65777,0
48646,0
67049,0
5578,0
38643,0
38372,0
34380,0
8289,0
7228,1
52829,0
27678,0
67749,0
20822,0
56981,0
8953,0
4020,0
78269,0
24448,0
29570,0
31129,0
3566,0
27457,0
12035,0
24799,0
45859,0
36802,0
1839,0
72253,0
44864,0
11751,0
49627,0
47197,0
22078,1
69024,0
20573,0
13661,0
63974,0
18229,0
60724,0
55576,0
49852,0
9422,0
23869,0
73618,0
48194,0
57158,0
57461,0
25949,0
20394,0
59216,0
77052,1
57560,0
70736,0
53672,1
23719,0
60528,0
1500,1
49866,1
11581,0
68874,0
10740,0
60268,0
63503,0
33526,0
5087,1
23588,0
38194,0
35678,0
8931,0
72352,0
32618,0
29468,0
48928,0
50443,0
70318,0
22816,0
42513,0
28909,0
11988,0
3600,0
67728,0
49405,0
22464,1
48033,0
28868,0
64322,0
53111,0
44247,0
3336,1
71744,0
11847,0
54333,0
36017,1
9884,0
1261,0
20250,0
46867,1
2365,0
58883,0
27371,0
8418,0
51980,0
54086,0
76937,0
40633,0
54364,0
77814,0
11171,0
27095,0
75494,0
7977,0
58628,0
1330,0
7008,0
1092,0
77154,0
1944,0
6423,0
34323,1
6711,0
5067,0
49589,0
2686,1
21461,0
57370,0
73158,0
64013,1
15272,0
53277,0
27643,0
5547,0
39966,0
66178,0
14761,0
28500,0
21614,0
25168,0
69523,1
18117,0
52070,0
13538,0
56792,0
70830,0
50847,0
12522,0
33545,0
25878,0
28679,0
28910,0
75404,0
23985,0
43669,0
61641,0
61007,0
15151,0
65924,0
27708,0
40354,0
47747,0
32769,0
75116,0
3388,0
12242,0
60694,0
11848,0
18741,0
55999,0
56081,0
27292,1
45372,0
18535,0
48034,0
13171,0
46190,0
7592,1
53516,0
3877,1
31937,0
3460,0
48454,0
7410,0
40551,0
41669,0
13222,0
73914,0
17194,0
73542,0
37506,0
11572,0
65610,0
76881,0
54843,0
301,0
16585,0
7879,0
51833,0
50145,0
25464,1
44911,0
11043,0
76161,0
5022,0
52376,0
40559,0
70652,0
43818,0
43296,0
68690,0
48456,0
72325,0
48321,0
67814,0
34920,0
29600,0
29779,0
9417,0
19428,0
58025,0
28492,0
23767,1
11795,0
3244,0
19667,1
73975,0
76792,0
64200,0
25818,0
25333,0
36134,0
66640,1
40051,0
50904,0
24123,0
60695,0
26429,0
74537,0
59667,0
37120,0
22371,0
62472,0
50591,0
42958,0
64821,1
23199,0
66595,0
38485,0
66002,0
71677,0
65167,0
33767,0
6916,0
48626,0
28472,0
3243,0
45104,1
44092,0
4966,0
15912,1
16292,0
7600,0
20390,0
71909,1
12933,0
24751,0
68316,0
17331,0
53924,0
15014,0
45206,0
10003,0
34640,0
56890,0
70608,0
39545,0
34225,0
63160,0
23004,0
40451,0
57820,0
41504,0
57742,0
30733,0
65869,0
13485,1
14946,0
71953,0
30609,0
66118,0
18931,0
18810,0
63273,0
72841,0
21720,0
822,0
1457,0
48118,0
30453,0
44604,0
52856,0
44824,0
19896,0
5603,0
60187,0
41475,0
36031,0
40446,0
63514,0
66647,0
63180,0
27937,0
32112,0
31822,0
5768,1
4589,0
49964,0
1949,0
56346,0
22161,0
8523,0
23485,0
22457,0
54473,0
33315,0
52371,0
25014,0
6254,0
45564,0
10534,0
9397,0
66628,0
77088,0
26638,0
6710,0
45494,0
21248,0
65542,0
12680,0
9255,0
73214,0
27133,0
73615,1
28491,0
2640,0
27639,0
64939,1
11708,0
27440,0
127,0
77207,0
27848,0
9074,0
61306,0
45327,0
38654,0
52987,0
43169,0
61348,0
16809,0
76144,0
16914,1
13415,0
58384,1
45419,0
75000,0
54482,0
22668,0
55874,0
22571,0
34925,0
63769,0
56548,0
25642,0
13664,0
72596,1
28023,1
30812,1
1263,0
36,0
75358,0
54097,0
17576,0
11830,0
66889,0
7227,0
64403,0
70077,0
25390,0
71791,0
72935,0
44064,0
29454,0
36887,0
10153,0
36029,0
57454,0
71376,0
71344,0
58647,0
75345,0
62559,0
45136,0
45776,0
45864,1
51890,0
7540,0
6408,0
62169,0
36614,0
38945,0
61846,0
51401,0
52787,0
70858,0
12126,0
35459,0
14312,0
5399,0
47503,0
25170,0
48432,0
21338,0
1449,0
63981,0
34409,0
25820,0
31229,0
6391,0
48275,1
5993,0
51709,0
42560,0
71308,0
39290,0
9193,0
67302,0
43260,0
55230,0
47351,0
70010,0
53576,0
2719,0
1785,0
74416,0
18550,1
32022,0
9522,1
32432,1
63886,0
32102,0
32763,0
38573,0
67952,1
10384,0
22031,1
8010,0
42420,0
24176,0
3468,0
32935,0
72908,0
39427,0
32812,0
66375,0
33696,0
45244,0
34940,0
23980,1
37494,0
9629,0
73852,0
64430,0
54682,0
71481,0
31568,0
32833,0
17657,0
30614,0
24274,0
34826,0
37437,0
63875,0
34339,1
73741,0
14281,0
58178,0
64857,0
49652,0
50983,0
60475,0
37117,0
38207,0
66224,0
15435,0
30680,0
19388,0
65177,0
50923,0
15737,0
13205,0
8763,0
29277,0
59077,1
11930,0
54808,0
2107,0
7625,0
56270,0
25243,0
42542,0
14632,1
60168,0
15539,0
32203,1
14079,0
7374,0
34464,0
62379,0
17545,0
75370,0
47119,0
75396,0
53964,0
75422,0
45906,0
53128,0
14433,0
57678,0
60709,0
38921,0
67988,0
18260,1
40103,0
66691,0
61790,0
64199,0
35194,0
15506,0
59690,0
78056,0
913,0
8945,0
16011,0
25760,0
18444,0
77144,0
73600,0
1390,0
53095,0
18460,1
29478,0
5686,0
32601,0
59048,0
66712,0
20050,1
23291,0
39628,0
20410,0
26985,0
15529,0
22577,0
13084,0
6849,0
53566,0
11158,0
43256,0
54871,0
62572,0
12789,0
51268,0
11205,0
25528,0
27579,0
25453,0
10605,0
71699,0
19535,0
40216,0
56357,0
12388,0
15739,1
59904,0
47430,0
71638,0
7005,0
27050,0
29265,1
13250,0
46142,0
35609,0
26104,0
30813,0
48798,0
66019,0
63854,1
8482,1
46386,0
65860,0
12526,1
12459,0
24450,0
1642,0
55070,0
4679,0
78232,1
40708,0
32502,0
12513,0
10091,0
75830,0
39771,0
47357,0
23948,0
5504,0
76131,0
50517,0
47124,0
16673,0
37248,0
53098,0
5959,0
55106,1
57534,0
30579,0
47623,0
77120,0
66321,0
39920,0
42551,0
62017,0
44333,0
73319,0
36205,0
27580,0
49987,0
50573,0
42565,0
4450,0
61625,0
33117,0
1366,0
36087,0
33072,0
723,0
77459,0
57881,0
57060,0
33956,0
14781,0
44825,0
46143,0
40770,0
21306,0
72080,0
31768,0
33208,0
57522,0
17765,1
56462,1
78184,1
3607,0
14371,0
17010,0
49221,0
50742,0
44013,0
58094,0
59663,0
75918,1
34088,0
20999,0
63681,0
3706,1
61574,0
24645,0
53899,0
17547,0
57231,0
70939,0
74631,1
11724,1
58632,0
11446,0
61426,1
49248,0
9560,0
19491,0
29279,0
5282,0
27005,0
9648,0
20027,0
4424,0
15289,0
68943,0
75135,0
47876,1
4277,0
47145,0
56033,0
31747,0
18098,0
38685,0
73134,0
41262,0
38259,0
62889,0
2345,0
62686,0
9730,0
34819,0
38343,0
57441,0
63357,1
31546,0
31618,1
72046,0
60854,0
65601,0
52041,0
17058,0
67129,0
69963,0
48183,0
71353,0
44065,0
51022,0
33734,0
15976,1
62799,1
23687,0
51372,0
42508,0
39610,0
22263,0
11033,0
42911,0
5187,0
16107,0
17213,0
69508,0
45690,0
78119,0
3046,0
31067,0
44869,0
63715,0
16572,0
1720,0
59636,0
20752,0
69165,0
26442,0
69932,0
31230,0
10458,0
43427,0
55797,0
47027,0
43193,1
25235,0
17788,0
30125,0
54480,0
74248,0
38187,1
27772,0
33152,0
32437,0
16006,0
20299,0
34858,0
43760,0
72962,1
31105,0
30533,0
7283,0
36988,1
43186,0
52686,0
57890,0
65263,0
66953,0
67493,0
41642,0
33966,0
68684,0
72193,0
14432,0
43944,0
10953,0
54437,0
72364,0
962,0
63376,0
72195,0
29069,0
37316,0
18175,0
39025,0
38632,0
73005,0
27564,0
24999,0
38948,0
70982,0
3916,0
33239,0
19444,0
28077,0
75176,0
24979,0
77340,0
6868,0
65380,0
23508,0
77085,0
57523,0
17455,0
74265,0
47105,0
60601,0
49223,0
55506,0
73967,0
216,0
16612,0
77989,0
5833,1
56177,0
9977,0
14828,0
3921,0
65014,0
59004,0
25012,0
11636,0
25868,0
75339,0
68583,0
74782,0
72918,1
21640,0
24754,0
21881,0
74267,0
72795,0
35786,0
60715,0
57872,0
61309,0
76378,0
4157,0
3338,1
23232,0
53936,0
11380,0
5447,0
3789,0
10464,0
62803,0
42139,0
45432,0
64274,0
50598,0
3843,0
22905,0
27725,0
63817,0
70026,0
56474,0
51445,0
24510,1
1762,0
67920,0
23547,0
50004,0
75745,0
48086,0
53242,0
26891,0
62547,0
70396,0
18395,0
49446,0
73943,0
54083,0
21349,0
75470,0
635,0
30707,0
77749,0
42002,0
65713,0
45858,0
74271,1
10794,0
25531,0
28888,1
31784,0
61398,0
66041,1
12217,0
66499,0
31383,0
27819,1
64027,0
56078,0
48331,0
30167,1
8322,0
77898,0
13543,0
45292,0
35891,0
53037,0
75159,0
2848,1
49800,0
1223,1
49254,0
68650,0
34753,0
47542,0
1143,0
56347,1
52791,0
72880,0
64656,0
12538,0
55669,0
74492,1
67025,0
21340,0
72807,0
57404,0
27200,0
16938,0
26563,1
48099,0
10631,0
14157,0
23662,0
59186,0
25061,0
48832,0
8667,0
65495,0
7514,1
37624,0
36169,0
73249,0
54244,0
45970,0
17584,0
59603,0
2360,0
59353,0
71882,0
18557,0
43787,0
46267,0
46172,0
19218,0
32774,0
37803,0
45078,0
18097,0
190,0
25303,0
20554,0
2035,0
39990,0
76286,0
18167,0
53653,0
48872,0
24871,0
77975,0
68360,0
41097,0
10300,0
28724,0
74215,0
75923,0
36185,0
54229,1
55493,0
44423,0
66491,1
59762,0
9772,0
18270,0
57817,0
26618,0
10780,0
23637,0
22277,0
11709,0
42973,0
41601,0
75607,0
58219,0
23046,0
50844,0
49862,0
52923,0
37945,1
39699,0
4406,0
66113,0
50547,0
11864,0
77822,0
16727,0
45725,0
53874,0
26239,0
22817,0
37381,0
29900,1
55090,0
77008,0
41457,0
60590,0
4245,0
23245,0
65170,0
18531,0
48714,0
60643,0
778,0
14971,0
63957,0
17514,0
43691,0
53102,0
9423,0
26630,0
43098,1
2950,1
49442,0
25029,1
21211,0
57134,0
2085,0
51927,0
27913,0
16808,0
3984,0
52286,1
26524,0
62225,0
50469,0
38431,0
74464,0
24636,0
78022,0
30928,0
44239,0
39571,0
63334,0
30179,0
56281,0
66804,0
33040,0
43148,0
536,1
16922,0
69487,0
73006,0
47808,0
13059,0
19862,0
57681,1
3449,0
44304,0
76889,1
65614,0
4984,0
39183,0
69902,0
53563,0
13306,0
53772,1
53187,0
8271,1
53947,0
70992,0
47507,0
44310,1
19149,0
77620,0
2987,0
62400,0
22240,0
33549,1
21531,0
13057,0
47492,0
41023,0
42075,0
59579,0
5347,0
53305,0
73027,0
64414,1
34456,0
25782,0
64016,0
40031,0
37327,0
13281,0
60177,0
50148,0
56209,0
69029,0
23795,0
31722,0
63803,0
1198,0
39626,0
49818,0
70059,0
59645,0
48711,0
72992,0
22431,0
45300,0
76104,0
66690,0
59233,0
26320,0
49429,0
55037,0
58187,0
76011,0
24843,0
20273,0
51998,0
41602,1
27193,1
9501,0
58605,0
70740,0
50716,0
30713,0
18701,0
345,0
3204,0
20780,0
272,0
31941,0
48820,0
46598,0
29818,0
54728,0
53379,0
27700,0
33171,0
9409,0
54685,0
49556,0
72487,0
47053,0
24768,0
74129,0
563,0
23932,0
72181,0
25069,0
3658,0
76193,1
74301,1
27888,0
74457,0
3136,0
13781,0
3260,0
52140,0
21793,0
19700,0
78097,1
19564,0
43236,0
68572,0
41893,0
44386,0
2695,0
30640,0
48876,0
4784,0
11579,0
61500,0
18956,0
59448,0
17985,0
22781,0
56876,0
5102,0
75693,0
31258,0
57425,0
51238,0
50560,0
52990,0
32428,0
15309,0
62352,0
49573,0
61601,0
46992,0
76555,0
42570,1
2102,0
14290,0
53595,0
6559,0
32979,0
61471,0
5556,1
31646,0
49139,0
77248,0
41721,0
37628,0
32667,0
38495,0
74904,0
9194,0
46591,0
67164,0
69693,0
24002,0
17590,0
68998,0
23832,0
71352,0
21082,0
5149,0
9506,0
30378,0
24357,0
67245,1
62245,0
60451,0
21284,0
45249,0
56950,0
14830,0
53953,0
28215,0
41278,0
18177,0
43417,0
9995,0
18949,0
53749,0
77315,1
8464,0
58974,0
75110,0
50686,0
2765,0
45796,0
56540,0
77740,0
58817,1
50992,1
62308,0
24248,0
22227,0
919,0
77962,0
16721,1
16293,0
68727,1
47752,0
5276,0
42236,0
73891,0
14226,0
39874,1
76399,0
70626,0
16742,0
22285,0
77337,0
1507,0
68919,1
27033,1
67599,0
22595,0
60510,0
29167,0
5566,0
20306,0
4576,0
53031,0
25641,0
56645,0
71146,0
22179,0
76540,0
31096,0
54737,0
2761,0
22819,0
76311,0
24835,0
66709,0
2349,0
39048,0
54359,0
77925,0
58868,0
15672,0
77981,0
53707,0
54250,0
4755,0
25416,0
55477,0
22605,0
44954,0
20005,0
72863,0
51421,0
26323,0
6693,0
33085,0
13456,0
6934,0
11468,0
24125,0
56700,0
50371,0
45942,1
20497,0
16618,0
48273,0
20029,0
47394,0
3523,0
47423,1
31024,0
28400,0
54594,0
48878,0
54837,0
24351,0
28729,0
17169,0
3142,0
43586,0
66702,0
14018,0
36350,0
58419,0
72164,0
34519,0
51811,0
23609,0
35338,0
19037,0
5299,0
53474,1
26750,0
35817,0
32168,0
12555,0
2570,0
14523,0
54949,0
27702,0
41637,0
77570,0
26838,0
5512,0
23672,0
57895,0
57869,0
70313,0
71440,0
13061,1
19055,0
4400,0
65932,0
15020,0
57022,0
39694,0
72226,0
35381,0
28683,0
21603,0
39586,0
77196,0
51321,0
52401,0
63890,0
70728,0
22255,0
65026,0
70951,0
57389,0
19409,0
11348,0
26386,0
33607,0
4060,0
9909,0
5391,0
54067,0
6579,0
46392,0
63067,0
19973,0
14190,0
18880,0
15501,0
49378,0
52828,0
46669,0
71487,0
68034,0
58021,1
59456,0
32611,0
48020,0
68764,1
5270,0
62524,0
55812,0
49968,1
57994,0
16923,0
41828,0
72845,1
67872,0
21681,0
55063,1
73901,0
69331,0
33209,0
15105,0
60905,0
46097,0
39905,0
73725,0
61277,0
21131,0
57318,0
12569,0
29318,0
62523,0
55101,0
77504,0
48719,0
50671,0
60462,0
17375,0
18976,0
42785,0
69218,1
9006,0
38107,1
75767,0
73899,0
70759,0
50053,0
72155,0
4844,0
60632,0
58779,0
388,0
64288,0
21478,0
77139,0
75970,0
74200,1
1318,0
55702,0
55568,0
77725,1
61303,0
13952,0
38131,0
11176,0
77825,0
32535,0
72178,0
59431,0
66728,1
14806,0
32796,0
21673,1
63342,0
13905,0
43809,0
14860,1
53740,0
7657,0
12086,0
17412,1
44145,0
8434,0
13832,0
4655,0
15250,0
8049,1
50886,1
38923,0
24152,0
14461,0
57710,0
53172,0
20665,0
16870,0
54546,0
42150,0
57631,0
39734,0
34865,0
69519,0
37293,0
69094,0
47543,0
42074,0
26081,0
76632,0
74520,0
66784,0
57385,0
69224,0
74552,0
24309,0
1566,0
14437,0
18702,0
18157,0
11720,1
58655,0
19747,0
14045,0
33691,0
8692,0
74509,1
71611,0
56556,0
64756,0
33842,1
69152,1
75233,0
17147,0
43363,0
15918,0
18606,0
66738,0
62531,0
59710,0
35249,0
66371,0
72869,0
31250,0
31401,0
66462,0
23362,0
69841,0
65966,0
69635,0
3902,0
78146,0
46113,0
62356,0
29741,0
36391,0
23374,0
25023,0
48718,0
34201,0
41211,0
71555,0
64359,0
50128,0
4795,0
76758,0
59468,0
53733,0
20990,0
21805,0
52440,1
53619,1
74151,0
46256,0
49972,0
49939,0
47463,1
67023,1
29418,0
54789,1
57969,0
48023,0
1745,0
67494,0
50042,0
38092,0
61385,1
71554,0
13586,0
70548,0
2451,0
49324,0
45533,0
63775,0
54838,1
11340,0
70186,0
58901,1
39258,0
58077,0
73159,0
27663,0
74885,0
71412,0
11222,0
51948,0
67135,0
67874,0
48930,0
77354,0
23463,0
44050,0
30816,0
31793,0
36289,0
6633,0
70008,0
15972,0
42651,1
68672,0
33185,0
56971,0
40876,0
54778,1
46798,0
12963,0
20279,0
69106,0
9024,0
53868,0
73438,1
20122,0
37456,0
62321,0
56602,0
11305,0
52528,0
45723,0
53991,0
63295,0
33629,0
59546,0
32849,0
4248,1
23044,0
73887,0
74566,1
22898,0
17885,0
33887,0
6952,0
10324,0
16264,0
12189,1
60885,0
71787,0
28298,1
4661,0
71503,0
24610,0
7662,0
1304,0
61113,0
17804,0
73393,0
40172,0
21539,0
20740,1
46842,0
77668,0
66310,0
19758,1
46819,0
67221,0
38152,0
46200,0
10890,0
36929,0
52968,0
36710,0
13913,0
34658,0
11034,0
57163,0
10955,1
24655,0
2213,0
35279,0
21724,0
43539,0
41114,0
41390,1
9728,0
33156,0
67946,0
39161,0
37363,0
77996,0
72401,0
70407,0
49617,0
3342,0
69951,0
70003,0
25366,0
62955,0
13529,0
13373,0
45033,0
6466,0
44390,0
7787,0
58297,0
19014,0
10159,0
23728,0
51301,0
268,1
56514,0
41992,1
47843,0
70037,0
24461,0
48222,0
49026,0
48024,0
56955,0
64962,0
22698,0
16360,1
15800,0
31170,1
45726,0
39725,0
35991,0
3496,0
71641,0
66162,0
52600,0
21529,0
901,0
72754,0
1357,0
8746,0
23159,0
31494,0
31189,0
35921,0
35611,0
15736,0
77480,0
41389,0
25121,0
20810,0
31156,0
16801,0
7428,0
11816,0
61757,0
38875,0
246,0
36538,0
13508,0
25877,0
7602,0
30197,0
7796,0
67934,0
40111,0
25270,0
39630,0
61629,0
71983,0
20180,0
53472,0
59259,0
1000,0
64371,0
31728,0
30952,0
29547,0
21051,0
66180,0
67696,0
38782,0
35896,0
61008,1
39453,0
66774,1
31314,0
17744,0
58583,0
73539,0
21311,0
56463,0
44537,0
57853,0
77374,0
76475,0
45963,0
58725,0
16759,0
76826,0
75820,0
75880,0
44453,0
54154,0
28406,0
21107,0
55784,0
7895,0
62507,0
42900,0
60895,1
25979,0
40476,0
4420,0
29770,0
65003,0
9671,0
2934,0
65321,0
52404,0
34127,0
11342,0
68001,0
43961,0
76682,0
38786,1
45640,0
39555,0
64713,0
26932,0
49381,0
13457,0
60081,0
77193,0
60151,0
53238,0
39317,0
39104,1
9279,0
40766,0
66835,0
9281,0
21791,0
48588,0
69853,0
6037,0
43878,0
26787,0
58111,0
75320,1
71288,0
75942,0
26496,0
22274,0
7068,0
46290,0
58129,0
9939,0
58683,1
57391,0
45677,0
42771,0
32147,0
2413,0
77572,0
38985,0
33857,0
57331,0
58435,0
29447,0
5153,0
46541,0
77040,0
66560,0
4877,0
53889,0
34686,1
54732,1
2990,1
24533,0
56654,0
57292,0
27132,0
56077,0
56492,0
75620,0
61980,0
48637,0
70535,0
7163,0
17832,0
14613,0
50000,0
26894,1
20548,0
32684,0
33398,0
37606,0
71917,0
22410,0
60012,0
43380,0
57133,0
40713,0
70846,1
3731,0
61082,0
16047,0
54746,0
17163,0
7781,0
25701,0
52674,0
40675,0
72813,1
594,1
78225,0
3577,0
6918,0
2668,0
45714,0
51433,0
39092,1
63312,0
50940,0
44569,1
65809,0
41384,0
11146,0
6873,0
29484,0
49659,0
44378,0
17417,0
42618,0
47078,0
39189,0
52007,1
48179,0
2646,0
34633,0
14105,0
23222,0
52466,0
61775,1
59749,0
38898,0
31431,0
6003,1
45743,0
20802,0
76550,0
26493,0
7193,0
41991,0
25826,0
5182,0
53856,0
15242,0
16012,0
25832,1
31803,1
24126,0
18902,0
45096,0
73269,0
54015,0
40217,0
51488,0
7920,0
28367,0
27138,0
2871,0
44098,0
18086,0
60223,1
7985,0
41012,0
46495,0
38974,0
57240,0
5331,0
43048,0
76786,0
5285,0
62441,0
52305,0
65974,0
8510,0
59037,0
14793,0
5012,0
2957,0
4754,0
32333,0
54035,0
22651,0
61481,0
48303,0
53588,0
77413,0
67939,0
77491,0
8107,0
60760,0
52989,0
33729,0
1170,0
52433,0
24467,0
61163,0
43314,1
35862,0
40659,1
45382,1
12663,0
22568,0
61920,0
34277,0
64752,0
78178,1
73337,0
61110,0
43683,0
62128,0
17713,1
8032,0
76709,1
38224,0
32188,0
68543,1
20749,0
6543,0
37489,0
19156,0
17042,0
17372,0
69342,0
4545,0
45005,0
9420,0
39850,0
49743,0
59028,0
14466,0
57584,0
52260,0
25937,0
53441,0
24004,0
43752,0
32927,0
70948,0
12621,0
38842,0
70810,0
74797,1
25221,0
589,0
1787,0
73523,0
39383,0
45670,0
55773,0
76696,0
58598,0
75048,0
62743,1
18891,0
45029,0
44669,0
70381,0
18064,0
30717,0
36059,0
47245,0
32194,0
16183,0
57649,0
71417,0
46876,0
61159,0
62930,0
18445,0
21108,0
23567,0
74848,0
38812,0
44583,0
44641,0
7170,0
20518,0
49431,0
74341,0
74210,1
47953,0
25629,0
35115,0
59131,0
74783,0
43948,1
45633,0
18677,0
28946,0
42187,0
20367,0
73907,1
72199,0
45874,0
7142,0
14344,0
12746,0
11809,0
51146,0
35811,0
7102,0
67220,0
35729,0
39467,0
33122,0
15202,0
60183,0
19337,0
13067,0
2736,0
57591,0
48291,1
184,0
49007,0
65334,0
78054,0
47932,0
75020,0
10495,0
73627,0
60175,0
33204,0
71637,0
6418,0
65236,0
64175,0
13650,0
36401,0
61321,0
8080,0
60307,0
36445,0
74879,0
44341,0
25119,0
60660,0
48448,0
53980,0
77004,0
41648,0
72355,0
16251,0
3913,0
36192,0
52762,0
47131,0
15740,0
59027,0
42822,0
30161,0
72998,0
16299,0
69140,0
31121,0
57135,0
52918,0
35614,0
57535,0
18213,0
64408,1
24763,0
28972,0
42377,0
46962,0
53114,0
65252,0
59013,0
37761,0
7641,1
46830,0
38690,0
55424,0
2996,0
3115,0
69173,0
63237,0
63201,0
41286,0
10007,0
58689,0
21651,0
10723,0
49347,0
39041,0
20873,0
4808,0
23540,0
13697,0
58010,0
26434,1
23877,1
22228,0
70159,0
54942,0
48012,0
35262,0
45681,0
13792,0
72088,0
66337,0
16375,0
6534,0
744,0
68984,0
14369,0
30973,0
69126,0
6118,1
6310,0
75240,1
43598,0
64829,0
19054,0
25759,0
34034,0
26065,0
42977,0
9273,0
22110,0
64312,0
51794,0
5664,0
73978,0
75185,0
68020,0
76659,1
34224,1
58770,0
2046,0
76690,0
71229,0
24837,1
62566,0
44876,0
27501,0
44372,0
28708,0
18329,0
35764,0
38489,0
25306,0
69512,0
70662,0
36975,0
71658,0
66862,0
1633,0
57469,0
71904,1
71802,0
35962,0
54754,0
58421,0
9561,0
43994,0
52712,0
6383,0
21416,0
4643,0
33980,0
5492,0
48476,0
20529,0
72671,0
74467,0
4442,0
41242,0
59566,0
43937,0
64149,0
43540,0
38168,0
31106,0
13160,0
10898,0
56782,0
67205,0
7840,0
27260,0
38048,0
17509,1
21403,0
41702,0
51285,0
77199,0
72504,0
42450,0
76807,0
28789,0
12048,0
58795,0
34610,1
12392,0
11612,0
47169,0
16355,0
72361,0
57367,0
48656,0
60644,0
9790,0
795,0
33991,0
42152,0
12105,0
17352,0
22706,0
65593,0
59804,0
43168,1
55567,1
27333,0
14474,0
61342,0
44334,0
62229,0
24413,1
25404,0
29585,0
34113,0
40101,1
53738,0
7033,0
25682,0
5625,1
49121,0
51355,1
73768,0
21429,0
56226,0
68080,0
18692,0
16211,1
41502,0
58518,0
45059,0
3412,0
11570,0
73064,0
19674,0
39975,0
25950,0
25064,0
70837,0
49990,0
7711,0
15336,0
67926,0
28187,0
11956,0
72702,0
68715,0
7636,0
46371,0
6119,0
43645,1
7295,0
67404,0
8928,1
25798,0
27571,0
8439,0
47321,0
38237,0
22195,0
23689,0
23862,0
37855,0
11473,0
17155,0
2493,0
59245,0
67061,0
72075,0
61982,0
740,0
19263,0
9934,0
72660,0
68216,0
4581,0
32762,0
19887,1
10182,1
40583,0
57539,0
69793,0
37231,0
31486,0
49389,0
69810,1
4390,0
52817,0
63935,1
43329,0
33237,0
26192,0
62292,0
57247,0
36079,1
65590,1
55200,0
73511,0
40726,0
18866,0
54009,1
17396,0
25313,0
1772,0
22634,0
30207,0
6082,0
33847,0
35669,0
4046,0
61219,0
67990,0
75835,0
69717,0
57481,0
67222,0
22921,0
34773,0
20225,0
70412,1
1290,0
1887,0
74641,0
71884,0
74379,0
34082,0
70345,0
22341,0
32780,0
42712,0
40825,0
73656,0
65309,1
50369,0
44303,0
57625,1
17142,0
6597,0
48471,0
49671,0
15429,0
40723,0
42944,0
49876,0
71240,0
59594,0
18622,0
31647,0
57359,0
71597,0
58467,1
75999,1
11488,0
68828,0
19095,0
29988,0
40203,0
76006,0
43343,1
41356,0
60503,0
63491,0
76630,0
20096,0
35304,0
8890,0
11244,0
1077,0
7518,1
27591,0
21750,0
1007,0
58504,0
64039,1
40471,1
57941,1
62002,0
53094,0
9242,0
18204,0
52418,0
61504,0
32345,0
67026,0
76002,0
58332,0
8957,0
4411,0
24722,0
20908,0
28181,1
52814,0
11808,0
40369,0
43292,0
28499,0
24242,0
41267,0
43775,0
66517,0
63175,0
5396,0
6972,0
44559,0
73893,0
10582,0
56588,0
51290,0
71469,0
35080,0
29518,0
13291,0
61526,0
20956,0
18840,0
12942,0
72151,0
1731,0
65478,1
15772,0
10565,1
2634,0
59050,0
1677,0
39073,0
29173,0
20125,1
10908,0
37748,0
62272,0
5750,0
14506,0
64346,0
74226,0
33644,0
46070,0
11730,0
34364,0
69662,0
889,0
15063,0
41190,0
29122,0
58837,0
69198,0
78002,0
4291,0
43085,0
42909,0
14250,0
55422,0
36478,0
38571,0
76039,0
56652,0
54108,0
55228,0
10568,0
1033,0
64208,0
49283,0
31830,0
11172,0
77670,0
44593,0
37419,0
43549,0
51736,0
3086,0
59161,0
3747,0
60003,0
67888,0
53792,0
28412,0
2031,0
40213,0
59464,0
38817,0
73920,0
51067,0
66950,0
9116,0
46460,0
11069,0
53747,0
67056,0
68796,0
44147,0
68907,0
36974,0
59129,0
43323,0
76529,0
55780,0
53491,0
77435,0
6761,0
74568,0
31441,0
1863,0
56336,0
71963,0
77393,0
76348,0
35019,0
12469,0
28777,0
77709,0
30845,0
16620,0
50771,0
21194,0
61696,0
31565,1
11649,0
31595,0
54175,0
51103,0
920,0
68203,0
22917,0
67518,0
1927,0
70357,1
40863,0
55679,1
64046,1
66789,0
52772,0
37749,1
74214,1
74377,0
72858,0
28369,0
39712,0
71461,0
42539,1
2167,0
50188,1
18150,0
39958,0
58160,1
62077,0
54068,0
62156,0
44070,0
67297,0
67109,0
9444,0
72537,0
28032,0
26998,0
46410,0
24709,0
63602,0
39280,0
27741,0
37161,0
19114,0
72775,0
59994,0
17244,0
73046,1
28495,0
11982,0
73679,0
39717,1
75322,0
1800,0
30630,0
59488,0
8226,0
3421,0
29934,0
43123,0
12909,0
13069,0
39908,0
35226,0
39891,0
34785,0
3759,0
8731,0
3679,0
69174,0
22657,0
38066,0
13713,0
56122,0
3251,0
14172,1
72713,0
72172,0
71323,0
35402,1
14156,0
28638,0
18882,0
52004,0
16575,0
25596,0
21895,0
78266,0
41065,0
25779,0
21013,0
76210,0
2080,0
23613,0
11732,0
42147,1
45838,0
19320,1
7173,0
37104,0
48050,0
63186,0
33440,0
4361,0
55592,0
30357,0
67092,0
56913,0
39899,0
63269,0
50735,0
37154,0
7397,0
23397,0
18806,0
74281,0
37667,0
27832,0
10551,0
67407,0
56165,0
4368,0
52971,1
65508,0
65792,0
53535,0
61208,0
10396,0
48298,0
77748,0
38265,0
44409,0
41752,0
63891,0
18954,0
15908,1
17357,0
72818,0
49041,0
29854,0
3906,0
13211,0
76534,0
65136,1
25619,0
26780,0
4369,0
53963,0
44317,0
3772,0
4585,0
51543,0
18642,0
61455,0
53844,0
66360,0
66398,0
34423,0
10895,0
36579,0
22769,0
8994,0
63619,0
31664,0
43184,0
30213,0
10319,0
13595,0
35452,0
14453,0
40990,0
26584,0
21417,0
24989,0
47142,0
24121,0
6845,0
70000,0
67160,0
64800,0
62718,0
4001,0
24196,0
15293,0
36500,0
46269,0
71862,0
8287,0
25509,0
7023,0
20430,0
46593,0
3862,0
72525,0
13993,0
38079,0
77574,0
52490,0
10578,0
12239,0
27857,0
59853,0
62584,0
30605,0
70659,0
19103,0
52778,0
74007,0
75473,0
66065,0
26387,1
3865,0
57685,0
18277,0
65119,1
75593,0
68186,1
73831,0
37260,0
23239,0
26042,0
66589,0
1508,0
57654,0
8516,0
59582,0
70164,0
15643,1
44094,0
4364,0
4548,0
1868,0
55202,0
55041,1
249,0
20755,0
7568,0
36334,1
63615,0
2306,1
69658,0
21623,1
73263,0
24950,0
59221,1
17886,0
53797,0
21406,1
71961,0
45273,0
6603,0
68693,1
22350,0
28503,0
76187,0
12588,0
40626,0
13284,0
68751,0
75194,0
32162,0
36982,0
59064,0
9598,0
63196,0
62618,0
55350,0
59586,0
56975,0
547,0
75555,0
4596,0
11408,0
50496,0
46690,0
5981,0
36107,0
36154,0
20081,0
40898,0
12718,0
27837,0
41911,0
28199,0
39642,0
10118,0
10911,0
27097,1
35112,0
39496,0
6506,0
13425,0
39332,0
24560,0
56112,0
47136,0
39737,0
69466,0
62564,0
41694,0
52468,0
15942,0
50981,1
59707,0
17900,0
63620,0
78104,0
24069,1
59012,1
13680,1
69397,0
242,0
20244,0
64574,0
39968,0
50437,0
28958,0
14500,0
34735,0
65714,0
64166,0
37594,0
41746,1
78195,0
19696,0
56934,0
22586,0
30871,0
69977,0
23806,1
53313,0
42391,0
19540,0
33843,0
53492,0
35397,0
25272,0
53435,0
75296,0
61482,0
8001,0
68510,0
70232,0
7296,0
77057,0
4007,0
61415,0
40908,0
4830,0
2824,0
1732,0
65343,1
26859,0
32827,0
43209,0
50770,0
38317,0
76028,0
5018,0
33762,0
15170,0
26139,0
34446,0
77351,0
9745,0
28437,0
15069,0
57877,0
50741,0
67834,0
25679,1
50041,0
76031,0
27265,0
10094,0
29306,0
52566,0
42435,0
32570,1
14614,0
19087,0
36363,0
69739,0
68733,0
12487,0
66039,1
37585,0
57885,0
44158,0
49110,0
4134,0
9211,0
1059,0
39396,0
68738,0
56011,0
11807,0
15842,0
44131,0
3611,0
63885,0
44017,0
69163,0
57795,0
31592,0
63083,0
68595,0
4580,0
10697,0
9054,0
25276,0
73598,0
24615,0
15899,0
18230,0
30120,0
59209,0
58596,0
63718,0
60851,0
23822,0
49967,0
4325,0
71350,1
16942,0
54337,0
63525,0
72141,0
8400,0
35612,0
28840,0
22814,1
19970,1
52059,0
5141,0
16785,0
48169,0
40107,0
4189,0
54533,0
14537,0
13691,0
22112,0
19272,0
69480,0
18453,0
40431,0
69970,0
28299,0
51107,0
71286,0
33342,0
38395,0
13894,0
33362,0
19038,0
52163,0
41011,0
25133,0
29635,0
24453,0
26644,0
3110,1
78118,0
63039,0
50780,1
75679,0
23085,0
13708,0
57996,0
35679,1
51207,0
37863,0
51896,0
294,0
5269,0
74351,0
46015,0
22397,0
35429,0
72212,0
22153,0
71490,0
20047,0
39845,0
71443,0
25476,0
37332,0
76111,0
382,0
8976,0
60744,1
28750,0
24939,0
52900,0
29276,0
54137,0
22131,0
43621,0
20141,0
53392,1
73343,0
55655,0
61388,0
34482,0
55918,0
201,0
73670,0
5029,0
66093,0
40795,0
71194,1
50679,0
32698,0
20842,0
380,0
76497,1
44059,0
23849,0
27595,0
19645,1
74513,0
29083,0
7857,0
38219,1
19101,0
31276,0
21657,0
13659,0
72721,0
45389,0
71996,1
9218,0
62345,0
30399,0
40857,1
34754,0
56428,1
50429,0
74858,0
66193,1
59785,0
8626,1
4075,0
14582,0
28333,0
13996,0
33877,0
77431,0
27421,1
20616,0
56258,0
66204,0
7732,0
6518,0
5942,1
71649,1
344,0
2972,0
27092,0
73488,0
5757,0
51665,0
16162,0
57460,0
18208,0
69602,0
42986,0
4470,0
17327,0
3011,0
43998,0
19076,0
68744,0
25514,1
28112,0
42335,0
20254,0
11706,0
20653,0
65624,0
9317,1
13140,0
43239,0
27458,0
33484,0
48774,1
925,0
43446,1
77890,0
19411,0
27160,0
15163,0
30565,0
55306,0
55092,0
16463,0
24986,0
4670,0
75616,0
29611,0
46971,0
28506,1
38719,0
23569,0
30476,0
74708,0
27673,0
21270,0
1543,0
12113,0
60047,0
13409,0
69308,0
31022,0
5183,0
42406,0
63110,0
63675,0
32861,1
34532,0
61847,0
38853,0
55527,0
47261,0
47916,0
48794,0
52777,0
73492,0
42202,0
77505,0
30959,0
3239,0
69517,0
69723,0
55097,0
3756,0
78244,0
49463,0
12256,0
47567,0
28720,1
52684,0
21641,0
47241,0
47367,0
45911,0
60034,0
16428,0
54753,0
49709,0
68589,0
76880,0
11779,0
69825,0
21384,0
12683,0
19457,0
71018,0
16889,0
77381,0
52156,0
13949,0
21674,0
46294,1
47118,0
73173,0
27508,0
47074,0
8966,0
60786,0
27448,0
67919,0
2135,0
27670,0
41132,0
52917,0
72051,0
51462,0
41807,0
16694,0
55783,0
62540,0
1116,0
78166,0
25821,0
53433,0
63661,0
25703,0
25881,0
16057,0
71226,0
53893,0
61747,1
64393,0
59182,0
5800,0
77012,0
37682,0
31787,1
13012,1
63797,0
9552,0
71763,0
2440,0
23166,0
46683,0
54933,0
18913,0
51817,1
11292,0
52130,1
60778,0
66115,0
17586,0
34075,0
19741,1
32543,0
6600,0
27227,0
72632,0
27961,0
61509,0
29047,0
10836,0
54661,0
65362,0
530,0
67231,0
73136,0
51353,0
57967,0
58713,0
25458,0
37069,0
50320,0
28682,0
67209,0
43316,0
71577,0
38631,1
16332,0
12130,0
72377,0
4255,1
73804,1
13455,0
35787,0
24626,0
29691,0
39354,0
43773,0
57017,0
50367,0
40738,0
47284,0
29435,0
66518,0
21576,0
10767,0
3177,0
73399,0
19955,0
39176,1
62624,0
62931,0
67632,0
22809,0
39089,0
45953,0
54596,0
75168,0
30149,0
4674,0
1470,0
15756,0
70953,0
30442,1
57188,0
8619,0
58534,0
1609,0
49222,0
66579,0
52429,0
30521,0
3639,0
22803,0
77619,0
15443,0
61364,0
63581,0
9354,0
67673,0
13987,0
62903,0
46032,1
39485,0
4289,0
39917,0
45674,0
11750,0
64852,0
35223,0
56727,0
50669,0
40696,0
27114,0
3377,0
33580,0
71623,0
58466,0
64697,0
75454,0
28435,0
19326,0
72412,0
40290,0
3315,0
22741,0
11994,0
70923,0
44594,0
71943,0
30078,0
62443,0
14051,0
124,0
12818,0
46067,0
39744,0
40119,0
35354,0
51517,0
74941,0
31684,0
36421,0
67393,0
22751,0
1681,0
47458,0
51628,1
71578,0
36959,0
39359,0
35463,0
2833,0
7758,0
1197,0
21725,0
29427,0
24166,0
19366,0
51140,0
55629,0
54235,0
47304,0
5434,0
40936,0
41918,0
13653,0
61714,0
15656,0
8574,0
70901,0
73902,0
57779,0
30751,0
62021,0
35659,0
13016,0
70509,0
7733,0
69761,0
9990,0
63173,0
2911,0
78077,1
77461,1
63429,0
31553,0
49857,0
74497,0
26688,0
62138,0
2315,0
65515,0
77209,1
53428,1
65470,0
47681,0
69689,0
31818,0
9683,0
62883,0
67873,0
66254,0
4714,0
29012,0
36650,1
5290,0
33158,0
26485,0
62468,1
4035,0
49766,0
34687,0
24203,0
69733,0
21924,0
70978,0
46257,0
28001,0
47687,0
71595,0
23792,0
47413,0
38311,0
34308,0
4789,1
77874,0
20559,0
22690,0
23131,0
67298,0
14365,0
33496,0
47983,0
25794,0
4530,1
26408,0
17172,0
42209,0
15152,0
10615,0
32731,0
51649,0
68057,0
69170,0
45661,0
7438,1
63564,0
57228,0
11049,0
64837,0
44446,0
40919,0
52439,0
72649,0
63912,0
11193,0
8330,0
13940,0
19611,0
35482,0
27289,0
25987,0
67623,0
70627,0
187,0
41036,0
12721,0
37085,0
478,0
37286,0
64749,0
61229,0
7737,0
22191,0
16545,0
13359,0
53321,0
33968,0
32855,0
27105,0
51855,1
18106,0
35105,0
77322,0
73109,0
54636,1
38574,0
1051,0
59637,0
12713,0
20135,0
5872,1
45137,0
65411,0
63753,0
14901,0
43618,0
66137,0
54184,0
10801,0
73203,0
45209,0
44878,0
3654,0
64945,0
38117,0
65164,0
32417,1
45871,0
35388,0
15166,0
20188,0
39150,0
65920,0
66637,0
71454,1
51954,0
35566,0
13220,0
7067,0
92,0
74937,0
18198,0
57561,0
21073,0
25111,0
54780,0
43244,0
9960,0
64705,0
76358,0
14052,0
61891,0
54428,0
34217,0
77263,1
56273,0
12707,0
72954,1
67380,0
76636,0
40590,0
51602,0
4165,0
5339,0
28815,0
66389,0
67844,0
47781,0
42014,0
44198,0
56198,1
6047,0
75754,0
14231,1
34705,0
24920,0
1301,0
37884,0
59691,1
50466,0
31506,0
50338,0
59263,0
30920,0
6853,0
7557,0
56249,0
64468,0
52341,0
8261,0
45064,0
11887,0
58629,0
46242,0
12142,0
44420,0
16250,0
73822,1
13817,0
54432,1
71831,0
43415,0
20811,0
39139,0
6544,0
27770,0
50612,0
73222,0
35311,0
13138,0
64655,0
45647,1
55612,0
8964,0
60055,0
14013,0
40269,0
46472,0
64899,0
60687,0
30642,0
69753,0
11163,0
30790,0
36774,0
20759,0
6892,0
66868,0
55890,0
52415,0
40262,0
41743,1
5545,0
46800,0
23460,0
62134,0
17066,0
24848,0
8460,0
55376,1
46848,0
42157,0
77306,0
61319,0
35789,0
24691,0
71907,0
13049,0
32325,0
62332,0
37228,0
45195,1
37809,0
6760,0
22382,0
28907,0
1814,0
76369,0
13906,0
74136,0
21138,0
57273,0
30912,0
26458,0
39576,0
42242,0
16505,0
32234,1
29209,0
65955,0
19451,0
45306,0
10722,0
66938,0
78073,0
24997,0
31786,0
51541,0
15324,0
27787,0
19291,0
50930,0
24098,0
45898,0
46227,0
45738,0
28341,0
34810,0
55815,0
43603,0
36619,0
43266,0
53673,0
59609,0
25063,0
74648,0
46164,0
22312,0
25268,0
29214,0
40526,0
24302,0
34513,0
34321,0
2201,0
22392,0
18003,0
41846,0
66265,0
15194,0
52255,0
15788,0
61437,1
31571,0
42138,0
70103,0
18365,0
18408,0
22503,0
58112,0
25261,0
27249,0
41749,0
1506,0
9328,0
59777,0
48957,0
15414,0
39288,0
30987,0
46518,0
15983,0
10067,0
41206,0
49300,0
3975,0
40052,0
50519,0
37644,0
20124,0
44701,0
70879,1
14988,0
43050,0
73760,0
21139,0
15953,0
58018,0
44750,0
8313,0
71177,0
23066,1
18656,0
15651,0
23433,0
68435,0
59953,0
25649,0
32785,0
18425,0
33764,0
69355,0
10592,0
47918,0
50348,0
68483,1
63878,0
14872,0
53125,0
64790,0
21475,0
16836,0
41517,0
58063,0
5880,0
7629,0
47086,0
68104,0
37351,0
25421,0
62440,0
4926,0
33786,0
42678,0
1741,0
58835,0
18551,0
31046,0
36164,0
60346,0
14725,1
39977,0
35382,0
58170,0
30709,0
35098,0
67600,0
75349,0
64610,0
13453,0
77217,0
31510,0
1813,0
27747,0
42297,0
16853,0
25538,0
2021,0
14146,0
25475,0
3695,0
76312,0
25593,0
11540,0
59375,0
28567,0
52180,0
69497,1
69541,0
68787,0
72265,0
68266,0
49264,0
26397,0
55994,0
38662,0
489,1
2944,0
38554,0
42220,0
10402,0
54931,0
73452,0
54912,0
8100,0
59467,1
22066,0
42114,0
76647,0
3805,0
60892,0
428,0
55779,1
17929,1
58243,0
63400,0
19929,0
32195,0
2060,0
65371,0
19234,0
40543,1
71451,0
31290,0
4501,0
27722,0
24549,0
34193,0
5734,0
27316,0
67628,0
34493,1
22184,0
22796,0
59485,0
44293,0
42599,0
66312,0
61318,0
1824,1
1461,1
32464,0
71502,0
30835,0
46053,0
9644,0
27341,0
18158,0
9738,1
32962,0
34718,0
14378,0
72643,0
34862,0
77982,1
31785,0
9956,0
34246,0
19497,0
49051,0
24869,0
18002,0
2358,0
67709,0
15721,0
58959,0
38498,0
57433,0
32930,0
46076,0
19127,0
29592,0
14306,0
63825,0
28829,0
36906,0
33560,0
35424,0
54922,1
16589,0
43867,0
38663,0
18936,0
19192,0
48663,0
16351,0
18091,0
25190,0
75831,0
24316,0
28066,0
65339,0
71273,1
46647,0
45330,0
16608,1
69156,0
5712,1
7740,0
39587,1
51686,0
27749,0
23972,0
67127,0
30104,0
10985,0
28236,0
68829,0
8448,0
13134,0
67945,0
7112,0
50762,0
43471,0
78237,0
37684,0
28523,0
44644,0
50402,0
63257,0
74461,0
68098,0
28258,0
77375,0
50952,0
73716,0
74056,0
37207,0
66742,0
64235,0
14745,0
46479,0
39867,0
42155,0
42913,0
4579,0
35074,0
51434,0
56217,0
17409,0
64143,0
78287,0
36064,0
20196,0
5640,0
49598,0
49086,0
13444,1
18503,0
36928,0
5721,0
74499,0
34851,0
27121,0
30950,0
8661,0
16905,0
21940,1
32397,0
40541,0
14015,0
26111,0
39157,0
34395,0
12512,0
77525,0
7982,0
36240,0
68713,0
18253,0
573,0
17916,0
14333,0
6817,0
16064,0
68386,1
62456,0
34135,0
34912,0
1141,0
43910,0
30522,0
11229,0
75070,0
3097,0
67881,0
44759,1
62277,1
22714,1
67347,1
9288,0
61748,0
38826,0
27182,0
3394,0
42376,0
43187,0
29937,0
71441,0
64433,0
55099,0
61989,0
29474,0
21168,0
48449,0
32036,0
27355,0
63702,0
69836,0
42574,0
2955,0
55285,0
50837,1
32859,0
27337,1
31103,1
40840,0
72139,0
41667,0
10882,1
49247,0
49660,0
31045,0
69432,1
35181,0
9904,0
6581,0
76876,0
40222,1
76623,0
25402,0
68758,0
25708,0
38980,0
40509,0
52826,1
36902,0
6208,0
17250,0
8242,0
21039,0
73642,0
21072,0
33951,0
12975,0
75531,0
73443,0
55299,0
15298,0
296,0
24524,0
66435,0
14204,0
15585,0
20918,1
19524,0
13577,0
77503,0
62712,0
5314,0
13815,0
64527,0
62922,0
75134,0
72542,0
34818,0
7155,0
20949,0
5496,1
5835,0
27640,0
175,0
12672,0
4758,0
36818,0
46840,0
14773,0
39567,0
56521,1
78183,0
61315,0
32716,0
42345,0
36105,0
63424,1
39052,0
6286,0
49927,0
51826,0
30551,0
68847,0
52477,0
75222,0
5941,0
399,1
4854,0
58257,0
68862,0
56660,0
24595,1
9496,0
74800,1
704,1
64162,0
10624,0
5204,0
67134,0
45253,1
29380,0
40376,0
17069,0
77772,0
67565,1
9165,0
22754,0
69828,0
30486,0
45296,0
49270,0
54859,1
43629,0
36857,0
48596,0
39007,0
48138,0
2370,0
67546,0
56991,0
74275,0
41917,0
67484,0
48091,0
42581,0
58826,0
28600,0
48374,0
35383,0
41904,1
46461,0
5263,0
69332,0
29166,0
47970,0
63589,0
44739,0
14883,0
8663,0
52515,0
44034,0
3176,1
56190,0
5217,0
41518,0
40061,1
74097,0
47403,0
36047,0
77758,1
11762,0
51600,0
45863,0
50989,0
52955,0
22640,1
67153,0
14011,0
73962,0
62788,0
52442,0
66644,0
23094,0
8283,0
16265,1
62742,0
10114,0
64497,0
50712,0
72123,0
37061,0
50611,0
66995,0
32159,0
71892,0
39119,0
33965,0
54828,0
14577,0
33226,0
55270,0
45936,0
25113,0
37813,0
11156,0
31534,0
76184,0
54573,0
42388,0
32819,0
19559,0
16978,0
66688,0
37956,0
29679,1
53445,0
67310,0
15924,0
3583,0
12251,0
58280,0
30892,0
76410,0
77852,0
6330,0
38263,0
52182,0
60839,0
45188,0
69483,0
69899,0
12184,0
75065,0
20303,0
10486,0
42682,0
64890,0
58588,0
57087,0
17278,0
74036,0
456,1
41010,0
23740,0
70983,0
71621,0
38270,0
73878,1
23576,0
40307,0
2792,0
25500,0
70353,1
43831,0
73961,0
37108,0
27220,0
48074,0
37724,0
44710,1
28425,0
39194,0
13565,0
27886,0
41462,0
1035,1
43134,0
10498,0
58506,0
57303,0
44685,0
30650,0
33175,0
15404,0
69609,0
62842,0
55346,0
71100,0
2072,0
48271,0
46762,0
23081,0
29699,0
35901,0
56584,0
35480,0
4209,0
7673,0
75149,0
65885,0
15234,0
36063,0
10016,0
62336,0
44388,0
46554,0
63760,0
68834,0
7038,0
17966,0
62035,0
32809,0
40660,0
17702,0
45807,0
18464,0
41552,0
62908,0
7957,0
30282,1
45495,0
44169,0
62246,0
69759,0
36010,0
76779,0
38376,0
43017,0
25884,0
20748,0
73570,0
64440,0
32221,0
38497,0
34928,0
46735,0
32539,0
69043,0
36348,0
39753,0
69886,0
26773,0
58582,0
27582,0
27622,0
57299,0
35024,0
11941,0
78081,0
4076,0
13692,0
60240,0
51178,0
9720,0
42312,0
34116,0
26279,0
41016,0
51069,0
5956,0
12990,0
76532,0
9134,0
36406,0
19751,0
30306,0
67085,0
21549,0
2818,0
21747,0
71608,0
41641,0
71824,0
77015,0
20317,0
27045,0
12457,0
16648,0
7855,0
26203,0
15046,0
23787,0
36980,0
68671,0
5322,0
74747,0
4648,0
11624,0
25400,0
27101,0
40789,1
25976,0
58286,1
74886,0
24930,0
14256,0
5926,0
71455,0
61929,0
27958,0
15831,0
67902,0
62239,0
24197,0
65871,0
59728,0
73530,0
2602,0
45154,0
70598,0
52796,0
27239,0
63852,0
54492,0
68768,0
13054,0
33745,0
66223,0
42324,0
43439,0
75004,0
17273,0
3499,0
33,0
71807,0
5759,0
9490,0
71138,0
22140,0
52123,0
33541,0
11842,0
22123,0
16322,0
72780,1
16976,0
63322,0
62161,0
35190,0
16242,0
43732,0
33366,0
15126,0
24899,0
8351,1
4524,0
61429,1
12855,0
55932,0
17398,0
29955,0
74230,0
70789,0
66777,0
48603,0
50744,0
36837,0
52795,1
71303,0
12695,0
30982,0
61453,0
18174,0
14558,0
16772,0
74939,0
73155,0
35682,0
72496,0
58569,0
54407,0
8553,0
18180,0
33022,0
64757,0
11619,0
75675,0
33409,0
422,1
57013,0
36968,0
3261,0
77833,0
36117,0
28275,0
27190,1
19910,0
61006,1
44730,0
41849,0
60036,0
48780,0
53043,0
50122,0
8099,0
31817,0
62828,0
34782,1
64389,0
60603,0
15409,0
42316,1
16858,0
9053,0
41250,0
36726,0
55137,0
56523,1
59905,0
19380,0
3888,0
60393,0
67531,0
43166,0
41827,1
69999,0
15846,0
78115,1
16338,0
67665,0
23251,0
66464,0
60327,1
28124,1
55015,0
76514,1
8720,0
29958,0
34685,0
34545,0
74365,0
65855,0
64084,1
7655,0
61491,0
5557,0
63883,0
14144,1
25439,0
31698,0
72064,0
8545,0
14428,0
74545,0
32766,0
24808,0
27156,0
26095,0
78103,0
68488,0
48713,0
68934,0
75268,0
16718,0
9726,0
32708,0
44347,0
47601,0
64838,0
34659,0
9143,0
11153,0
20927,0
53075,0
31254,0
52782,1
15638,0
48,0
52697,0
40554,0
9221,0
13613,0
40679,0
52393,0
8144,0
33679,0
68228,0
60030,0
21036,0
33568,0
17610,0
73932,0
43602,0
45693,0
78231,0
49925,0
71347,0
20893,0
12063,0
42428,0
71642,0
65669,0
60340,0
15779,0
39459,0
57510,0
12584,0
58420,0
61009,0
3457,0
75490,1
40961,0
34838,0
74295,1
76999,0
6427,0
34014,0
61647,0
46299,0
56818,0
23198,0
36291,0
16659,0
69601,1
8790,0
26888,0
14951,0
57999,0
71447,0
9517,0
40846,0
42486,0
59759,0
17533,0
23895,0
77143,0
53439,0
11375,0
25470,0
39097,0
19684,1
60312,0
12225,0
55461,0
62608,0
63759,0
54813,0
29483,0
73294,1
72156,0
39889,0
58966,0
72397,0
63413,0
26098,0
12179,0
10928,0
17062,0
15169,0
22381,0
24292,0
13824,0
63050,0
52517,0
56026,0
37934,0
5073,0
13475,0
8277,1
38721,0
24670,0
77104,0
51903,0
19710,0
47361,1
12329,0
18813,0
61912,1
26284,0
11265,0
26357,0
45601,0
44799,0
57951,0
48827,0
16224,0
66736,0
35660,0
9554,0
2581,0
40627,0
8171,0
25792,0
53406,0
55965,1
57049,0
30990,0
78039,1
74236,0
6970,0
42046,0
19223,1
51168,0
13610,0
47429,0
28078,0
31691,0
47814,0
27659,0
71573,0
42090,0
41458,0
73750,0
47685,0
15026,0
11415,0
67338,1
32605,0
56038,0
58043,0
19562,0
34529,1
54880,0
16557,0
16044,0
55091,0
26537,0
55762,0
40398,0
51941,0
18800,1
55375,0
46602,0
71009,0
40968,0
63788,0
18524,0
42005,0
8571,0
24255,0
14562,0
43557,0
2328,0
75267,0
15476,0
27120,0
19509,1
29065,0
51800,0
42344,0
58845,0
25880,0
7399,1
19391,0
68805,0
16901,0
75626,0
53375,0
38925,0
17434,0
42317,0
7550,0
66908,0
48931,0
58001,0
35744,1
42898,0
30588,0
28700,0
70566,0
43529,0
33721,0
13147,1
12602,0
54742,0
3407,0
2389,0
35213,0
9998,0
53787,0
18211,0
74962,0
33979,0
15509,0
64484,1
37965,0
44385,0
58125,0
69195,0
41688,0
46293,0
71200,0
77142,0
65330,0
29103,0
15722,1
74739,0
70925,0
68054,0
3858,0
31321,0
34968,0
56515,0
4429,0
48299,1
57309,0
37659,0
66060,0
13227,0
65603,0
70095,0
21154,0
25369,0
14569,0
36256,0
72259,0
72865,0
3657,1
73029,1
17007,0
1671,0
63040,0
3782,0
9650,0
37094,1
63749,0
38956,0
10932,0
17934,0
10315,0
31122,0
12843,0
26552,0
67956,0
57154,0
67343,0
25530,0
44925,0
63845,0
49242,1
59760,0
17049,0
6481,0
78260,0
50408,0
48078,0
62804,0
40152,1
6501,0
14873,0
20618,0
24781,0
3463,0
40256,0
10598,0
24556,0
35042,0
17840,0
52997,0
68447,0
7881,0
36379,0
68147,0
10111,0
28016,0
13303,0
57217,0
57462,0
62981,0
35932,0
69013,0
58119,0
26319,0
64747,0
15259,0
76574,0
38465,1
55818,0
8812,0
21048,1
27481,0
40027,1
13851,0
45035,0
73320,0
15933,0
9667,0
54921,0
75193,0
72929,0
27839,0
44265,0
39256,0
51723,0
63806,0
51621,0
68695,0
4468,0
68164,0
73392,0
32157,1
60602,0
47346,0
31644,0
12846,0
29051,0
50196,0
41520,0
24894,0
19356,0
73449,0
6943,0
68136,0
33603,0
34958,0
62996,0
23327,0
14377,0
73708,1
32651,0
61077,0
11678,1
44393,1
32146,1
73276,0
65905,0
8507,0
56216,0
38579,0
54260,0
24419,0
16892,0
31447,0
35898,0
48337,1
10100,0
33578,0
22887,0
62270,0
43241,0
37066,0
1020,0
43463,0
40837,0
70821,0
6862,0
38230,0
73557,0
38227,0
32014,0
16380,0
69079,0
7088,0
9763,0
17652,0
35317,0
69230,0
24139,0
14247,0
52249,0
30665,0
45368,0
41420,0
41440,0
42437,0
3395,0
47675,0
36236,0
10842,0
67504,0
58261,0
1956,0
40529,0
75943,0
77485,0
58453,0
77765,0
11418,1
10110,0
27489,1
31223,0
32293,0
31498,0
48894,0
8375,1
43862,0
51407,0
38301,0
1098,0
56571,0
77699,0
43960,0
68500,0
805,0
38254,1
73690,1
69817,0
58579,0
59544,0
4924,0
74993,0
28845,0
56349,0
6975,0
73607,0
31819,0
61683,0
66934,0
39904,0
63696,0
73730,0
67242,0
72589,0
45622,0
41791,1
60993,0
73219,0
18128,0
24525,0
69296,0
41703,0
676,0
13208,0
34511,0
43681,0
78035,0
51641,0
17158,0
37791,0
9872,0
22510,0
22258,0
40166,0
76175,0
69161,0
45597,0
6368,0
10597,1
73767,0
42858,0
57782,1
848,1
33935,0
38205,0
19086,0
50418,0
42424,0
61076,0
40348,0
21736,0
38367,1
64493,0
49520,0
55349,0
20775,0
26732,0
13168,0
54348,0
13537,0
5001,0
30767,1
37551,0
75990,0
68792,0
20459,0
9649,0
7852,0
56918,0
22961,0
15803,0
23867,0
69326,0
38135,0
33260,0
42008,0
76812,0
1828,0
4623,0
55744,0
48083,0
28265,0
10807,0
65213,1
63472,0
45181,0
28979,0
38778,0
54239,0
23240,0
48427,0
7970,0
5784,0
39914,1
41661,0
32192,0
15550,0
30231,0
55659,0
31391,0
57259,1
73311,0
41748,0
36131,0
23380,0
39260,0
41811,0
45223,0
2610,0
60448,1
75156,0
54224,0
6011,0
15645,0
7798,0
77249,1
40284,0
15586,0
60690,0
65288,1
10548,0
9910,0
3079,0
3360,0
40156,0
34792,0
69064,0
68737,0
75501,0
525,0
60083,0
19412,0
13870,0
13472,0
37525,0
53900,0
30175,0
76557,0
24008,0
56312,0
32591,0
41001,0
36880,1
31773,0
12857,0
34370,0
64178,0
53854,0
3292,0
60840,0
18974,0
38033,0
29697,0
12397,0
13143,0
51223,0
50555,0
20222,0
33163,0
70432,0
48062,0
64474,0
3853,0
31882,0
11235,0
25250,0
65284,0
2309,0
43652,0
30459,1
71112,0
40368,0
16482,0
56001,0
66493,0
75242,0
57195,0
22828,1
77352,0
70907,0
32096,0
30775,0
13588,0
54054,0
20829,0
71821,0
25326,0
38134,0
68405,0
62005,0
66244,0
52789,1
63001,0
29928,0
28759,0
73284,0
49657,0
73634,0
49534,1
41122,0
16593,0
10492,0
26794,0
21003,0
51033,0
19068,0
73979,0
62588,0
7845,0
34361,0
23388,0
65814,0
7875,0
52850,1
31233,0
28206,0
21892,0
25527,0
40886,0
19259,1
52694,0
71777,0
62647,0
33508,0
63755,0
73076,0
58308,0
42276,0
61666,0
25813,0
17559,0
5188,0
70732,0
64078,0
8399,1
41319,0
77089,0
69730,0
73196,0
21868,0
10434,0
18108,0
58824,0
74069,0
22218,1
66335,0
14808,0
4269,1
25146,0
782,0
61749,0
32736,0
16361,0
31890,0
66783,0
40365,0
65216,0
42499,0
58745,0
77189,0
9727,0
291,0
62051,1
53551,0
70954,0
59549,0
23531,0
44220,0
41941,0
66253,0
38300,0
62741,0
53431,0
43513,0
40564,0
14961,0
39421,0
22500,0
25132,0
67499,0
40586,0
14827,0
72630,0
33904,0
50825,0
71590,0
34712,0
64280,0
22248,0
69660,0
51796,0
32559,0
77973,0
47292,1
53628,0
26169,0
67346,0
36032,0
67804,0
33594,0
5969,0
23300,0
20086,0
50118,0
36126,0
17912,0
6181,0
10419,0
26875,0
61408,0
16598,0
48742,0
74623,0
78110,0
66613,0
20315,0
67426,0
29025,0
17474,1
21501,0
21946,0
54048,0
42811,0
25775,0
27015,0
61200,0
9278,0
11315,0
993,0
7715,0
24180,0
38094,0
61859,0
20997,0
66861,0
64887,0
52616,0
40088,0
75536,0
53373,0
1166,1
76896,0
4551,0
21661,0
30846,0
53229,0
36202,0
54510,0
51456,1
73180,1
64445,0
50894,0
776,0
14196,0
18884,0
28674,0
67550,0
70167,0
43243,0
24948,0
9164,1
34873,0
77519,0
24954,0
33919,0
71867,0
61075,0
2433,0
63743,0
2038,0
18973,0
44942,0
76862,1
63999,0
74011,0
64350,0
45173,0
65865,0
75488,0
5054,0
28635,0
66140,0
43284,0
45451,0
11241,0
10299,0
5237,0
75932,0
19458,0
43229,0
76495,1
48619,0
1661,0
70828,0
14645,0
14576,0
59241,0
47703,0
28587,0
12913,0
30196,0
54109,0
75946,0
6129,1
68179,0
27805,0
59382,0
29248,1
66526,0
6283,1
56566,0
64764,1
28335,0
76936,0
14380,0
6296,0
60532,0
53341,0
1821,0
27774,0
73793,0
44770,0
9547,0
32262,0
9983,0
34570,0
77714,0
58783,0
74992,0
30742,0
24101,0
58441,0
75580,0
62381,0
18618,0
38154,0
58777,0
67020,0
39114,0
57051,0
54374,0
3717,0
51316,0
5527,0
64763,0
48707,0
54816,0
28744,0
12128,0
5367,0
77513,0
71092,0
33471,0
39036,0
71864,0
7433,0
43408,0
30252,0
76544,0
31754,1
29077,0
9944,0
43176,0
43099,1
47198,0
55275,0
16431,0
24823,0
56960,0
31261,0
988,0
35163,0
2856,0
76969,1
68077,1
8657,0
34050,0
44986,0
21285,0
1322,1
40238,0
24600,0
22555,0
65950,0
75728,1
16356,0
37545,0
58235,0
8828,0
19092,0
16437,0
50772,0
51542,0
15896,0
12775,0
13844,1
75500,0
1904,0
47900,0
69624,0
76083,0
63818,0
31606,0
61057,0
21575,0
34951,0
63331,0
8163,0
62838,1
23938,0
15870,1
68745,1
16218,0
57444,0
59352,0
77625,0
11857,1
65768,0
1645,1
23287,0
46817,0
70572,0
9871,0
33668,0
68218,0
40622,0
72714,0
63670,0
24975,0
69639,0
42798,0
78152,0
72895,0
9045,0
7929,0
26414,0
68551,0
6048,0
52298,0
33663,0
39471,0
61614,0
57893,0
71053,0
74095,1
172,0
17715,0
68597,0
3376,0
68995,0
33558,0
22649,0
8435,0
44944,0
9005,0
69072,0
63910,0
1894,0
51203,0
69516,0
55675,0
16148,0
9964,0
9303,0
44188,0
26413,0
65621,1
59861,0
49134,0
38849,0
6217,0
16154,0
58626,0
74790,0
67923,0
1391,0
41952,0
73896,0
19214,0
24119,0
67335,0
12669,0
15931,1
58672,0
46302,0
19720,0
65351,0
65916,0
33940,0
12738,0
11547,0
27392,0
75920,0
21147,0
54863,0
10766,0
8094,0
4257,0
22471,0
26121,0
45293,0
26085,0
77895,0
16844,0
15522,1
31374,0
4484,0
14515,0
22021,0
18786,0
71395,0
45558,0
52822,0
14005,0
14607,0
69472,0
66844,0
69104,0
12313,0
24253,0
29391,0
4125,0
853,0
13156,1
39493,0
41720,0
56022,1
29212,0
35121,0
59268,0
55444,0
1142,0
26656,0
14393,0
13912,0
3334,0
77288,0
70075,0
47530,0
48669,0
29815,0
6465,0
20099,0
33116,1
33070,0
30048,1
73610,1
27924,0
34123,0
50457,0
8881,0
43175,0
52397,0
41489,1
6635,0
43423,0
54903,1
72703,0
66370,1
63264,0
33016,0
74606,0
49860,0
58938,0
27953,0
59661,0
22749,0
18694,0
20370,0
71653,1
15032,0
58352,0
78286,0
193,0
52792,0
72278,1
65728,0
42117,0
32404,0
23427,0
24366,0
11801,0
7334,0
10277,0
19299,0
42039,0
39691,0
34612,0
20467,0
69260,0
19600,0
2868,0
45141,0
29837,0
40556,0
67585,0
75659,0
38760,0
69388,0
14158,1
22408,0
21967,0
26882,0
4126,0
66431,0
41934,0
43104,0
35458,0
73840,0
43898,0
21837,0
47836,0
3608,0
5673,1
24071,0
47615,0
7150,0
714,0
8496,0
44358,0
45744,1
75201,0
19783,0
69816,0
76390,0
37372,1
45442,1
48620,0
8485,0
20341,0
3823,0
62139,0
3293,0
34349,1
20130,0
31075,1
45478,0
49483,0
14996,0
33754,0
70839,0
40453,0
4962,0
73278,0
45984,0
58861,0
27312,0
20680,0
77498,0
63394,0
31852,0
19774,0
72851,0
41228,0
30131,0
15240,0
20885,0
76397,0
47885,0
46984,0
48768,0
57105,0
7132,0
41431,0
9145,0
18300,0
47943,0
50027,0
58798,0
69666,0
57101,0
37484,0
23940,0
74474,0
65931,0
66954,0
28151,0
28818,0
67186,0
2059,0
53030,0
16529,0
56736,0
52275,0
37844,1
57993,0
63103,1
61514,0
7275,0
17834,0
43929,0
14999,0
59530,0
1017,0
27276,0
9753,0
33805,0
76722,0
15333,0
980,0
60194,0
27847,0
63184,1
65157,0
22278,0
5597,1
7719,0
2752,0
71753,0
44273,0
41957,0
73478,1
5549,0
43136,0
8678,0
30143,0
19328,0
24726,0
67972,0
1008,0
75155,0
60128,1
7059,1
1751,1
3002,0
44570,0
15136,0
57849,0
452,0
76049,0
32118,0
69546,0
39616,0
35225,0
67846,0
66035,0
8505,0
64369,0
26809,0
29873,0
63859,0
18205,0
29116,1
8684,0
6157,1
68199,0
34546,0
31895,0
16315,0
3768,0
48764,0
31074,0
25431,0
74769,0
36539,0
43411,0
13926,0
14259,0
54003,0
6855,0
6218,0
55864,1
42400,1
32120,0
45709,0
36997,1
56946,0
21136,0
69015,0
52844,0
14375,0
8554,0
14431,0
52533,0
61561,0
67948,0
68730,0
43519,0
14889,0
30346,0
14581,0
17635,0
1764,0
20184,0
14178,0
13051,0
52495,0
32422,0
9638,0
59150,0
23361,0
72967,0
17528,1
25524,0
68047,0
65022,0
5150,0
4395,0
58727,0
30234,1
45836,0
76740,0
3257,0
44284,1
45806,0
25783,0
33219,0
42677,0
17235,0
75697,0
40775,0
43800,1
29976,0
58952,0
13121,0
15278,0
7388,0
50795,0
49076,0
16878,0
16599,0
30636,0
13672,0
36554,0
845,0
7635,0
74751,0
17293,0
68722,0
36258,0
77237,0
37750,0
25126,0
30403,0
20757,0
3808,0
40923,0
45493,0
70320,0
54266,0
5831,0
42303,0
48953,0
51395,0
18417,0
62433,0
4991,0
53011,0
37149,0
20712,0
27931,0
39207,0
59296,0
77977,0
20053,0
9010,0
74354,0
28597,0
51930,0
41652,0
30261,0
41732,0
25424,0
71373,0
21624,0
75579,0
6832,0
27650,0
54163,0
77935,0
37918,0
43000,0
58412,0
53890,0
73184,0
18440,0
519,0
63221,0
42267,0
48845,0
22060,0
66127,0
12896,0
45740,0
77407,0
37597,0
31057,0
41596,0
51242,0
20648,0
9793,0
17819,0
31222,0
17842,1
42756,0
66150,0
26505,0
53783,0
52521,0
74486,1
46342,0
42717,1
28293,0
61010,0
1917,0
61485,0
46793,0
1755,0
36285,0
54373,0
2994,0
48766,0
17170,0
48410,0
36174,0
29917,0
14002,1
34922,0
15111,0
35263,0
36293,0
24811,0
69815,0
67869,0
54926,0
42026,0
55541,0
50127,0
61615,0
71295,1
50092,0
61192,1
52343,0
52131,0
31294,0
47865,0
37947,0
71894,0
40774,1
40470,1
37339,0
52985,0
36034,0
64938,0
17783,0
7802,0
46642,1
3119,1
38914,1
26164,0
72053,0
32264,0
21993,0
51386,0
6819,0
63567,0
1880,0
25058,0
37718,0
53288,0
34162,0
64965,0
35198,0
71357,0
10825,0
436,0
721,0
32944,0
29495,0
47281,0
60334,0
16932,0
27175,0
47541,0
42453,0
19347,1
66445,0
64021,0
75735,0
23135,0
22417,0
77633,0
20984,0
45594,0
54654,0
74293,0
73213,0
32923,0
47289,1
63804,0
22702,1
59638,0
46614,0
10140,1
37234,0
42896,1
47204,0
29321,0
48886,0
77479,0
39901,0
54993,0
59570,0
54411,0
62949,0
34603,0
64715,1
32580,0
2371,0
871,0
1525,0
71063,0
66948,0
10332,0
70861,0
13060,0
20567,0
3256,0
27959,0
50139,0
48063,0
23950,0
3015,0
17683,1
45565,1
70478,0
58150,0
24177,0
54591,0
20766,0
69948,0
29662,0
72603,0
71211,0
78285,1
62704,0
29648,0
13903,0
63306,0
59195,0
77550,0
42393,0
73358,0
20572,0
48720,1
55902,1
37623,0
50913,0
65229,0
18104,0
35116,0
30900,0
11440,0
23699,0
43721,0
4899,0
47253,0
49169,0
45215,0
16027,0
43510,0
64081,0
67218,0
49867,1
20930,0
51924,0
22765,0
28778,0
20333,0
68639,0
66756,0
24696,0
55055,0
20361,0
28677,0
37410,0
67473,0
20048,1
47128,0
44370,0
26637,0
75124,0
39247,0
77993,0
26400,1
62224,0
56264,0
35440,0
73423,0
17720,0
69884,0
116,0
63222,0
69755,0
37193,0
41875,0
46977,0
21058,0
54305,1
57717,0
6870,0
60896,0
55540,0
38790,0
30873,0
11770,0
28450,0
48277,1
63756,1
51118,1
69913,0
23227,0
16453,0
27616,0
3308,0
21523,0
292,0
47838,0
74319,0
48184,0
34875,0
63309,0
7778,0
62325,1
24230,0
55400,0
25546,0
43018,0
32341,0
64498,0
9674,0
25803,0
9240,0
50820,0
13047,0
53231,0
3098,1
49109,0
73297,0
38646,0
12798,0
25923,0
34860,0
25693,0
67944,0
70389,0
31488,0
24323,0
70053,0
47132,0
24032,0
60995,1
47473,0
70745,0
52330,0
464,0
67868,0
37379,0
30536,0
26898,0
36836,1
67203,0
4880,0
42030,0
20226,0
60483,1
71707,0
2039,0
7942,0
815,0
7526,0
42751,0
29243,0
35522,1
22933,0
44764,0
34059,0
73325,0
62763,1
65880,0
2372,0
25493,0
69118,0
38203,0
36598,0
29717,0
36103,0
34048,0
46471,0
75854,0
5473,0
11060,0
77889,0
61456,0
16688,0
20104,0
30090,1
2209,0
46440,0
32603,0
5061,0
11776,1
33332,0
26503,0
10881,0
40558,1
23581,0
39298,0
7061,0
76818,0
18241,0
37336,0
76396,0
40472,1
61085,0
47283,0
10469,0
45791,0
42790,0
28494,1
66791,0
31755,0
61519,0
60252,0
61738,1
72003,0
77559,0
53034,1
30105,0
59243,0
16578,0
20845,0
77604,1
20218,0
19590,0
53376,0
1603,1
51014,0
15316,0
42427,0
25958,0
33109,0
25081,1
62451,0
59936,1
27583,0
67084,0
78037,0
36027,0
10285,0
8239,0
56819,0
67951,0
63495,0
23610,0
23258,0
21888,0
55195,0
16650,0
2881,0
46228,0
19104,0
41892,0
59390,0
910,0
45129,0
67589,0
67420,0
24724,0
24562,0
47196,0
24865,0
46238,0
39063,0
21874,0
78171,0
21038,0
56240,0
56897,0
9390,0
63590,1
32024,0
56430,0
73128,0
28244,0
36609,0
32019,0
42558,0
68281,0
29883,0
51631,0
34335,0
78004,1
59597,0
43201,0
14609,0
50233,0
45570,0
15460,0
2560,0
49758,0
10855,0
41546,1
35539,0
2660,0
73991,1
807,0
52206,0
67394,0
73722,0
74418,0
48956,1
77609,0
16869,0
8002,0
59924,0
17190,1
13520,0
15388,0
77411,0
12118,0
76386,0
33316,0
28593,0
8282,0
32163,0
65168,0
32983,0
29204,0
5181,0
23221,0
57033,0
58222,0
72391,1
51090,0
33503,0
38369,0
8704,0
18892,0
20078,0
71305,0
18398,0
10420,0
28352,0
32160,0
39351,0
60630,0
39198,0
39388,0
53497,0
38537,0
15219,0
6792,0
15793,0
1038,0
43656,0
59619,0
40942,0
72997,0
67132,1
55619,0
927,0
3514,0
42309,0
15036,0
12628,0
31400,0
34314,0
20830,1
4722,0
20460,0
25910,0
34458,0
77807,1
58431,0
68830,0
20171,0
51976,0
5392,0
69731,0
21012,0
46153,1
14657,1
11666,0
59631,1
21692,0
43900,0
59799,0
34728,0
54826,0
45994,0
77005,0
40108,0
54079,0
73727,0
42932,0
75852,0
39337,0
76681,0
69698,0
53130,0
30363,0
4693,0
24350,0
37511,0
63271,0
63392,1
20126,1
34376,0
1469,0
55920,0
38399,0
42177,0
29771,1
25999,0
16590,0
31246,0
12671,0
53402,0
41738,0
36222,0
76032,0
59863,0
57418,0
7284,0
15487,0
23525,1
19935,0
22590,0
72768,0
63932,0
42851,0
25523,0
31654,0
66048,0
27679,0
4807,0
1607,0
62293,0
24474,1
70418,0
50214,0
70215,0
32801,0
20116,0
15761,0
3171,0
72130,0
11605,0
33444,0
34719,0
19415,0
68846,0
63019,1
6830,0
65009,0
18031,0
66785,0
29327,0
48159,0
54383,0
63433,1
3580,0
13215,0
69545,0
68258,0
8903,0
38932,0
35841,0
52018,0
24007,0
37486,0
32274,1
24708,0
32583,0
14879,0
66334,0
50605,0
63597,0
76816,0
51402,0
60084,0
4932,0
38600,1
53945,1
55329,0
47446,0
55187,0
61149,0
20268,0
77605,0
20070,0
8167,0
65209,0
64839,0
28316,0
42902,0
46938,0
45274,0
7355,1
44855,0
20475,0
66012,0
67941,0
47555,0
41493,0
8891,0
7025,0
6647,1
40138,0
23752,1
42405,0
36503,0
64328,0
72951,0
31330,0
34488,0
55665,0
12004,0
15330,0
8549,0
67252,0
12876,1
70217,0
55891,0
45770,0
66298,0
12878,0
44182,0
8698,0
61322,0
41633,0
4471,0
54435,0
57232,0
75729,0
48082,0
34628,0
26433,0
5940,0
56559,0
3442,0
58922,1
68349,0
42938,0
9951,0
23469,0
3752,0
8954,0
64943,0
49614,0
75342,0
41930,0
43694,0
58759,0
11132,0
29475,0
44439,0
23913,0
29498,0
45276,0
59528,0
57573,0
24358,0
10296,0
64354,0
18001,0
44702,0
41235,1
16388,0
66074,0
22607,0
3205,0
77551,0
63536,0
858,0
27006,0
59304,1
4104,0
25408,1
49346,0
36286,0
48547,0
52292,0
53359,0
26011,0
26704,0
45522,1
70324,0
21903,0
73833,0
77206,0
53512,0
46527,0
62136,0
20073,0
38077,0
15463,0
46757,0
24793,0
42491,0
36162,0
36085,0
47012,0
37602,0
22415,0
65700,0
26748,0
20489,0
76977,0
46087,0
4636,0
67017,0
39211,0
53254,0
27965,0
1398,1
72945,0
1036,0
22983,0
42051,0
75822,0
6883,1
67136,0
5935,0
17904,0
43325,0
13130,0
4138,0
54908,0
50950,0
28021,0
30857,0
20916,1
65010,0
67392,0
52109,0
38949,0
34188,0
62500,0
35468,0
21098,0
66646,0
73231,0
35530,0
46881,0
71501,0
69946,0
11247,0
47560,0
11658,0
55460,0
39143,0
19850,0
71433,0
71301,0
38477,0
75105,0
71364,0
11870,0
1013,0
46514,0
54632,0
10440,0
74690,0
56770,0
22252,0
49066,0
38200,0
1825,0
14382,0
41663,0
63316,0
26443,0
75878,0
51031,0
21883,0
49547,1
24776,0
52613,0
62384,0
36460,0
20178,0
19609,0
57701,0
60381,0
36248,0
48723,0
16667,0
5479,0
64650,0
52111,0
23070,0
12781,0
7253,0
74274,1
18839,0
34443,0
52662,0
34402,0
34895,0
59533,0
51475,0
73595,0
58675,0
77346,0
14532,0
7766,0
74449,0
60656,0
4479,0
1644,0
71189,0
48191,0
43311,0
949,0
58562,0
69772,0
53760,1
66454,0
58092,0
7570,0
30965,0
11692,0
24505,0
61287,0
53196,1
43261,0
25849,0
1162,0
5295,0
30109,0
74331,1
31215,0
24718,0
35168,1
65921,0
5023,0
74369,0
58391,0
57985,0
66460,0
38241,0
77769,0
53230,0
30577,0
60274,0
3347,0
42592,0
41984,0
63948,0
18176,0
57386,0
55046,0
23845,0
10976,0
65070,0
23578,0
66211,0
64513,0
35815,0
45667,0
46620,0
76985,0
4712,1
2872,0
8278,1
1679,0
27891,0
256,0
18587,0
37081,0
3143,0
43272,0
25575,0
1292,0
60467,0
38810,0
37523,0
15697,0
39214,0
64287,0
26405,0
14735,0
30777,0
69067,0
33782,0
62847,0
22144,0
15306,1
35604,0
74952,0
70214,1
65249,1
4199,0
32822,0
75840,0
48988,0
60113,0
53327,0
34140,0
35017,0
35712,0
21606,0
16358,0
37987,0
29587,0
26126,0
46927,0
27139,0
48376,0
32126,0
56925,0
3148,0
11485,0
28498,0
34780,0
22807,0
26538,0
54540,0
56432,0
42216,0
50988,1
19813,0
28653,0
21902,0
69715,0
19573,0
18357,0
73419,0
37691,0
10372,0
42949,1
60871,0
65345,0
68148,0
72013,0
73644,0
22039,0
46483,0
13768,0
27907,0
16768,0
15358,1
77099,0
54427,0
54769,0
14991,0
22327,0
4464,0
64661,0
27180,0
69567,0
476,0
69244,0
21428,0
7661,0
60280,0
74975,0
53118,0
44712,0
42869,1
17404,0
567,0
56070,0
50603,0
63638,0
62093,1
40824,0
6211,0
14220,0
51109,0
46811,0
15050,0
358,0
18179,1
63771,1
9152,1
39008,0
17611,0
42073,1
23976,0
71911,0
11094,0
63292,1
39606,0
53059,0
3743,0
22127,0
66329,0
25414,0
9285,0
43690,0
53312,1
24998,0
11909,0
30954,0
8307,0
54868,0
44402,1
51873,0
72710,0
36590,0
4625,0
55078,0
14929,0
55402,0
3804,0
64022,0
47375,0
70743,0
18829,0
25936,0
41330,0
41613,0
38962,0
67821,0
11912,1
72227,0
36290,0
29563,0
66859,0
45077,0
5513,0
50468,0
12676,0
38192,0
64679,0
3305,0
150,1
42528,0
66755,0
3212,0
77215,0
64506,0
56610,1
831,1
71716,0
48237,0
57250,0
51971,1
28948,0
64193,0
32114,0
5266,0
35610,0
28684,0
69050,0
48355,0
8732,0
10906,0
15140,0
76119,0
6823,0
28272,0
38964,0
36011,0
73882,0
38212,0
15735,0
14709,0
24144,0
75325,0
17228,0
68348,0
28020,0
17761,0
41866,0
49686,0
32193,0
33446,0
21545,0
38679,0
33624,0
33030,0
38749,1
57497,0
27903,0
35134,0
8294,0
77678,0
35462,0
63444,0
45739,0
52670,0
34854,0
51579,0
75658,0
51244,0
62497,0
53935,0
52532,0
39429,0
48327,0
29923,0
